date,n_rows,ng_scm,ng_cov,ncv_cov,bb_kwh,mb_kwh,boost_cov,draw_kg,cullet_pct,seed_count,opt_temp,mb3_temp,afr,crown_tc,ncv_meter,base_ng_scm,base_ncv,base_mb_kwh,base_bb_kwh,base_energy_kcal,base_draw_kg,base_sfc,ncv_used,ncv_source,gas_kcal,elec_kcal,energy_kcal,sfc,day_complete,ncv_ok
2025-09-01,96,7804.08128374,1.0,0.0,13586.0,5491.2,1.0,60554.0,20.0,11.0,1574.6666666666667,1324.2315030416667,11.177147085785899,1571.7344238472222,,7686.0,9604.646,5358.0,13720.0,90228389.156,60554.0,1490.048372626086,9604.646,baseline,74955438.08554827,16406392.0,91361830.08554827,1508.766226600196,True,False
2025-09-02,96,7586.533158308333,1.0,0.0,12322.8,5491.1,1.0,57841.0,20.0,15.0,1574.5,1321.9964134583333,11.563236678426941,1568.0009561458335,,7516.0,9630.14,5678.0,11810.0,87419812.24,57841.0,1511.3814118013172,9630.14,baseline,73059376.42915142,15319954.000000002,88379330.42915142,1527.9703053050848,True,False
2025-09-03,96,7594.976888166667,1.0,0.0,12378.0,5491.900000000001,1.0,60258.0,20.0,20.0,1574.1304347826087,1321.0010613541667,11.573655903314569,1568.412791576389,,7493.0,9579.659,5487.0,13080.0,87748004.887,60258.0,1456.2050663314415,9579.659,baseline,72757288.7015178,15368114.000000002,88125402.7015178,1462.468098866836,True,False
2025-09-04,96,7656.413926711666,1.0,0.0,12854.0,5492.6,1.0,59462.0,20.0,20.0,1574.2916666666667,1320.8807117569445,11.882581468012868,1568.619751138889,,7683.0,9538.12,5456.0,12310.0,88560135.96000001,59462.0,1489.3568322626215,9538.12,baseline,73027794.80264708,15778075.999999998,88805870.80264708,1493.4894689490277,True,False
2025-09-05,96,7796.696854696666,1.0,0.0,11343.6,5493.1,1.0,56709.0,20.0,12.0,1574.25,1321.7857071527778,11.947463457776818,1565.913787486111,,7731.0,9465.079,5520.0,10620.0,87054925.749,56709.0,1535.1165731894407,9465.079,baseline,73796351.66875547,14479562.0,88275913.66875547,1556.6473340872785,True,False
2025-09-06,96,7870.240873201667,1.0,0.0,8857.7,5404.2,1.0,55926.0,20.0,15.0,1573.625,1321.5715902083332,11.983413903869357,1566.7140918611112,,7815.0,9515.233,5599.0,9260.0,87140285.895,55926.0,1558.1354986052997,9515.233,baseline,74887175.67463732,12265234.000000002,87152409.67463732,1558.3522811328776,True,False
2025-09-07,96,7818.930234711666,1.0,0.0,9597.4,5492.900000000001,1.0,55717.0,20.0,21.0,1574.4583333333333,1320.2773260000001,11.958624710480676,1566.4545250902777,,7735.0,9478.803,5298.0,9690.0,86208221.205,55717.0,1547.2516683417987,9478.803,baseline,74114099.36557564,12977658.0,87091757.36557564,1563.1092371372408,True,False
2025-09-08,96,7893.03149344,1.0,0.0,10071.1,5494.0,1.0,56409.0,20.0,23.0,1574.0833333333333,1321.1010692291668,11.949614538318057,1567.1783971597222,,7762.0,9430.52,5456.0,9930.0,86431656.24000001,56409.0,1532.2316694144554,9430.52,baseline,74435391.3595158,13385986.0,87821377.3595158,1556.8681834373203,True,False
2025-09-09,96,7663.401185571666,1.0,0.0,10414.3,5493.2,1.0,55777.0,20.0,16.0,1574.625,1320.6072865694443,11.991016346858245,1567.8449721527777,,7614.0,9478.411,5503.0,10530.0,85957001.354,55777.0,1541.0832664718432,9478.411,baseline,72636866.09473552,13680450.0,86317316.09473552,1547.5431825794776,True,False
2025-09-10,96,7721.654937826666,1.0,0.0,9551.1,5493.0,1.0,55489.0,20.0,14.0,1574.2083333333333,1320.6752056319444,11.955669906976565,1567.5260618055556,,7663.0,9562.638,5469.0,9450.0,86108834.994,55489.0,1551.8181079853666,9562.638,baseline,73839390.93134892,12937926.0,86777316.93134892,1563.8652152922007,True,False
2025-09-11,96,7683.218163216667,1.0,0.0,10356.3,5492.0,1.0,57154.0,20.0,19.0,1574.8333333333333,1320.3715071944446,11.968063200572487,1567.3960510694444,,7640.0,9468.831,5516.0,10300.0,85943628.84,57154.0,1503.720279245547,9468.831,baseline,72751094.32362904,13629538.0,86380632.32362904,1511.3663492254093,True,False
2025-09-12,96,7714.88008759,1.0,0.0,11471.7,5064.9,1.0,57065.0,20.0,18.0,1574.7916666666667,1320.5561047083334,11.95840820148989,1566.2175614930557,,7634.0,9529.814,4797.0,11380.0,86662820.076,57065.0,1518.6685372119514,9529.814,baseline,73521372.26703641,14221475.999999998,87742848.26703641,1537.5948176121337,True,False
2025-09-13,96,7629.631754235,1.0,0.0,11654.3,4395.9,1.0,57936.0,20.0,18.0,1574.4791666666667,1320.5066576388888,12.022522083633731,1567.4011891527778,,7561.0,9600.009,4382.0,12060.0,86725788.049,57936.0,1496.9239859327533,9600.009,baseline,73244533.50734179,13803171.999999998,87047705.50734179,1502.4804181742231,True,False
2025-09-14,96,7603.773676866666,1.0,0.0,12807.0,4396.0,1.0,58312.0,20.0,16.0,1574.0,1319.949393611111,11.966615636430042,1567.6593330138887,,7542.0,9574.387,4394.0,13260.0,87392466.75400001,58312.0,1498.704670633832,9574.387,baseline,72801471.84273441,14794580.0,87596051.84273441,1502.1959775472358,True,False
2025-09-15,96,7637.377609618333,1.0,0.0,13397.0,4393.8,1.0,58972.0,20.0,25.0,1574.4583333333333,1320.8788409652777,11.962785138903982,1568.1697180069443,,7543.0,9571.945,4415.0,13530.0,87633881.13499999,58972.0,1486.0252515600623,9571.945,baseline,73104558.42349815,15300088.0,88404646.42349815,1499.0952727310953,True,False
2025-09-16,96,7523.231376106667,1.0,0.0,14342.0,4347.599999999999,1.0,58921.0,20.0,17.0,1575.1739130434783,1319.8486852708334,12.061692466239121,1568.572941347222,,7460.0,9726.225,3853.0,14210.0,88091818.5,58921.0,1495.0835610393578,9726.225,baseline,73172641.09107307,16073055.999999998,89245697.09107307,1514.6670472509472,True,False
2025-09-17,96,7648.935651496667,1.0,0.0,14188.0,4390.8,1.0,59559.0,20.0,16.0,1574.625,1320.6013751666667,11.968987526752128,1568.5470356111111,,7632.0,9517.608,4870.0,14250.0,89081584.256,59559.0,1495.6863657213855,9517.608,baseline,72799571.14816989,15977768.0,88777339.14816989,1490.5780679354907,True,False
2025-09-18,96,7571.011126523334,1.0,0.0,14964.0,5019.5,1.0,60443.0,20.0,17.0,1574.9166666666667,1319.6699224097222,11.962782660351913,1569.314175826389,,7481.0,9523.857,5280.0,14990.0,88680174.217,60443.0,1467.1702962625943,9523.857,baseline,72105227.31441714,17185810.0,89291037.31441714,1477.2767287265215,True,False
2025-09-19,96,7542.4262998916665,1.0,0.0,14515.8,5297.07,1.0,58914.0,20.0,19.0,1574.9583333333333,1319.9076528402777,11.988397971757776,1567.4458468472221,,7468.0,9476.359,5279.0,14270.0,87581589.01200001,58914.0,1486.600621448213,9476.359,baseline,71474739.3488151,17039068.2,88513807.5488151,1502.4240002175222,True,False
2025-09-20,96,7764.5880015933335,1.0,0.0,13884.2,4335.525000000001,1.0,58186.0,20.0,16.0,1574.4166666666667,1317.5091363851009,11.86484464694462,1568.2960980984847,,7670.0,9392.66,4643.0,13440.0,87593082.2,58186.0,1505.3978998384491,9392.66,baseline,72930135.13904564,15668963.500000002,88599098.63904564,1522.6875646898848,True,False
2025-09-21,96,7561.342619008333,1.0,0.0,10801.4,7335.700000000001,1.0,56307.0,20.0,17.0,1574.4166666666667,1320.493318375,11.953211295294677,1566.3999362708335,,7581.0,9451.403,7333.0,10360.0,86867066.143,56307.0,1542.740088141794,9451.403,baseline,71465296.31332321,15597905.999999998,87063202.31332321,1546.2234236120414,True,False
2025-09-22,96,7787.944099753333,1.0,0.0,10030.0,7336.1,1.0,56253.0,20.0,16.0,1574.7083333333333,1320.1119004444445,11.804875964793816,1567.6403029930555,,7621.0,9354.647,7418.0,10570.0,86761444.787,56253.0,1542.3434267861269,9354.647,baseline,72853467.90892522,14934845.999999998,87788313.90892522,1560.5979042704428,True,False
2025-09-23,96,7830.154502136666,1.0,0.0,12276.2,7356.200000000001,1.0,60307.0,20.0,7.0,1574.0833333333333,1319.9248040625,11.95613626016376,1567.7540615972223,,7804.0,9396.419,7479.0,12160.0,90219193.876,60307.0,1495.9987045616595,9396.419,baseline,73575412.53681251,16883864.0,90459276.53681251,1499.9797127499712,True,False
2025-09-24,96,7756.006360108333,1.0,0.0,10270.7,8437.300000000001,1.0,57185.0,20.0,11.0,1574.2083333333333,1321.0496798402778,12.379973190397104,1566.1304018541666,,7697.0,9471.234,8522.0,9830.0,88682808.098,57185.0,1550.8054227157472,9471.234,baseline,73458951.14207429,16088880.0,89547831.14207429,1565.932170010917,True,False
2025-09-25,96,7843.558010193333,1.0,0.0,8557.9,8438.2,1.0,57359.0,20.0,10.0,1574.5,1321.0223139722223,12.310203505590765,1566.0913033472223,,7790.0,9431.457,8372.0,8660.0,88118570.03,57359.0,1536.2640567304172,9431.457,baseline,73976180.10014398,14616645.999999998,88592826.10014398,1544.5322634659597,True,False
2025-09-26,96,7695.97614905,1.0,0.0,7764.4,8438.2,1.0,54476.0,20.0,9.0,1574.4166666666667,1317.6904847847222,12.17304135911026,1568.0074832743055,,7433.0,9726.198,8031.0,7760.0,85875089.734,54476.0,1576.3839072986268,9726.198,baseline,74852587.82893781,13934236.0,88786823.82893781,1629.8337585163708,True,False
2025-09-27,96,7451.695881056483,1.0,0.0,7837.7,8097.6,1.0,54850.0,20.0,12.0,1574.5416666666667,1318.2806292607322,12.226158514244863,1568.009908681187,,7456.0,9756.145,8529.0,6680.0,85821557.12,54850.0,1564.6592,9756.145,baseline,72699825.51148981,13704358.0,86404183.51148981,1575.2813766907896,True,False
2025-09-28,96,7625.378164788333,1.0,0.0,6074.8,9169.5,1.0,55466.0,20.0,11.0,1574.5833333333333,1318.1414109652776,12.198477831096483,1566.363682375,,7544.0,9656.114,9293.0,6520.0,86444904.016,55466.0,1558.5206075073017,9656.114,baseline,73631520.85230693,13110098.0,86741618.85230693,1563.8700979394032,True,False
2025-09-29,96,7690.186107241667,1.0,0.0,5564.2,9296.8,1.0,53483.0,20.0,13.0,1574.6666666666667,1319.3049656944445,12.22310070411414,1567.6624569930555,,7652.0,9742.897,9322.0,4930.0,86809367.84400001,53483.0,1623.120764429819,9742.897,baseline,74924691.15368652,12780460.0,87705151.15368652,1639.8696997865961,True,False
2025-09-30,96,7720.5818827133335,1.0,0.0,4333.6,9529.9,1.0,51309.0,20.0,15.0,1574.9166666666667,1318.6803379513888,12.191234669587457,1567.0550547222222,,7642.0,9489.09,10091.0,3780.0,84444685.78,51309.0,1645.8065013935177,9489.09,baseline,73261296.33743627,11922610.0,85183906.33743627,1660.213731264228,True,False
2025-10-01,96,7738.208597271667,1.0,0.0,4058.1355555555556,9537.8,0.9479166666666666,53102.0,19.0,10.0,1574.2173913043478,1317.516992513889,12.166121927309334,1566.7664889930556,,7714.0,9431.693,8981.0,4190.0,84083139.802,53102.0,1583.4269858385749,9431.693,baseline,72984407.85942699,11692504.577777779,84676912.43720476,1594.6087235359264,True,False
2025-10-02,96,7814.81180828,1.0,0.0,2350.431282051282,9521.3,0.8541666666666666,53346.0,19.0,9.0,1574.8333333333333,1319.5008865833333,12.19200321029318,1567.7643412013888,,7647.0,9399.922,9561.0,2150.0,81952663.53400001,53346.0,1536.2475824616656,9399.922,baseline,73458621.44251096,10209688.902564103,83668310.34507507,1568.408321993684,False,False
2025-10-03,96,7822.585234478333,1.0,0.0,5836.5075,8241.6,0.96875,55178.0,19.0,15.0,1574.608695652174,1319.1250946180555,12.171588948816174,1567.6527374236111,,7808.0,9342.155,7543.0,7390.0,85785926.24000001,55178.0,1554.7124984595312,9342.155,baseline,73079803.76120794,12107172.45,85186976.21120794,1543.8576282432844,True,False
2025-10-04,96,7833.238494135,1.0,0.0,11059.9,6595.6,1.0,58751.0,19.0,10.0,1574.75,1318.442066111111,12.171571012525199,1567.1864509444442,,7741.0,9394.587,6847.0,11830.0,88785717.967,58751.0,1511.2205403652702,9394.587,baseline,73590040.52490024,15183730.0,88773770.52490024,1511.0171831100788,True,False
2025-10-05,96,7847.33388190375,1.0,0.0,11026.0,7987.099999999999,1.0,59634.0,19.0,9.0,1574.5833333333333,1318.189495373016,12.195273397795034,1568.0270856098712,,7763.0,9374.954,8056.0,11150.0,89294927.902,59634.0,1497.3828336519434,9374.954,baseline,73568394.16548909,16351265.999999998,89919660.16548909,1507.8589423062194,True,False
2025-10-06,96,7646.659924968333,1.0,0.0,11364.2,8068.9,1.0,56718.0,19.0,14.0,1575.375,1318.5127612361111,12.152356247393245,1569.579195986111,,7523.0,9514.5,8041.0,10270.0,87325043.5,56718.0,1539.635450826898,9514.5,baseline,72754145.8561112,16712465.999999998,89466611.8561112,1577.3936291144116,True,False
2025-10-07,96,7754.334722698333,1.0,0.0,8325.2,8068.3,1.0,55295.0,19.0,7.0,1574.875,1319.2382303333334,12.06309230642045,1567.8111502083332,,7692.0,9374.264,8051.0,8740.0,86547098.688,55295.0,1565.1885104982366,9374.264,baseline,72691180.83494096,14098410.0,86789590.83494096,1569.573936792494,True,False
2025-10-08,96,7628.224941101666,1.0,0.0,9509.7,8070.5,1.0,55517.0,19.0,14.0,1575.2083333333333,1318.2129451875,12.000146787305392,1569.206390861111,,7552.0,9429.408,8066.0,9290.0,86137049.21599999,55517.0,1551.5436571860869,9429.408,baseline,71929645.28542358,15118972.0,87048617.28542358,1567.9632776523151,True,False
2025-10-09,96,7589.222694046666,1.0,0.0,10044.2,8070.299999999999,1.0,56434.0,19.0,11.0,1574.5416666666667,1318.0707827708334,12.02230310667955,1566.5901615069445,,7630.0,9366.682,8109.0,9790.0,86860923.66000001,56434.0,1539.1594368643018,9366.682,baseline,71085835.60231842,15578470.0,86664305.60231842,1535.6754013948757,True,False
2025-10-10,96,7705.327443533333,1.0,0.3645833333333333,6783.3,8070.599999999999,1.0,51809.0,19.0,19.0,1574.4583333333333,1319.4016459791667,12.003142715003717,1566.401047298611,9517.146202224914,7651.0,9409.742,8013.0,6190.0,84208516.042,51809.0,1625.3646285780462,9409.742,baseline,72505143.26916824,12774354.0,85279497.26916824,1646.0363502319722,True,False
2025-10-11,96,7745.03863138,1.0,1.0,6749.3,8072.299999999999,1.0,53777.0,19.0,19.0,1574.388888888889,1319.0376583055556,11.962649992444375,1568.0008866666667,9375.817030219887,7645.0,9471.13,8061.0,6760.0,85152848.85,53777.0,1583.443644122952,9375.817030219887,meter,72616065.09980352,12746575.999999998,85362641.09980352,1587.3447960987694,True,True
2025-10-12,96,7752.532049935,1.0,1.0,6542.8,7806.2,1.0,52929.0,19.0,15.0,1574.5625,1318.66933328125,12.033786037897142,1568.08620453125,9505.564813369581,7700.0,9540.605,7786.0,6250.0,85533618.5,52929.0,1616.006697651571,9505.564813369581,meter,73692195.86838208,12340140.0,86032335.86838208,1625.4290817582437,True,True
2025-10-13,96,7867.40238718,1.0,1.0,7158.2,7659.3,1.0,57019.0,19.0,20.0,1575.1666666666667,1319.6465243472223,11.97420252569165,1568.4363352083335,9499.223206824554,7834.0,9510.004,7501.0,8110.0,87926831.33600001,57019.0,1542.061967694979,9499.223206824554,meter,74734211.33372715,12743050.0,87477261.33372715,1534.1774028609261,True,True
2025-10-14,96,7846.013052608333,1.0,0.9895833333333334,9011.2,7334.3,1.0,57137.0,19.0,12.0,1575.4166666666667,1319.1400263125,11.986506906149247,1569.066242409722,9495.061771209288,7657.0,9562.828,7373.0,9490.0,87724753.99599999,57137.0,1535.340567338152,9495.061771209288,meter,74498378.59223047,14057130.0,88555508.59223047,1549.880263091,True,True
2025-10-15,96,7616.840655735,1.0,1.0,10023.4,7334.0,1.0,57234.0,19.0,12.0,1575.0416666666667,1318.991549298611,11.974276239963459,1568.1873575555555,9584.003365877335,7568.0,9604.816,7347.0,9870.0,87495867.488,57234.0,1528.7393417898452,9584.003365877335,meter,72999826.48191556,14927364.000000002,87927190.48191556,1536.2754740524088,True,True
2025-10-16,96,7653.4568107,1.0,1.0,10632.7,7333.900000000001,1.0,59680.0,19.0,11.0,1574.75,1318.6299192083334,11.970583322794873,1567.5968295694445,9598.301042036119,7552.0,9645.057,7331.0,11330.0,88887930.464,59680.0,1489.4090225201073,9598.301042036119,meter,73460182.48132023,15451276.000000002,88911458.48132023,1489.8032587352586,True,True
2025-10-17,96,7633.408115336667,1.0,1.0,12208.3,7333.400000000001,1.0,60175.0,19.0,11.0,1574.8333333333333,1319.2256584513889,11.975433688719903,1568.525923409722,9531.993831923357,7618.0,9533.641,7331.0,12050.0,89294937.138,60175.0,1483.9208498213543,9531.993831923357,meter,72761599.0719428,16805862.0,89567461.0719428,1488.4497062225644,True,True
2025-10-18,96,7786.319395835,1.0,1.0,11800.0,7712.3,1.0,60728.0,19.0,11.0,1574.625,1319.5238045625,11.969855042114489,1568.1990288541667,9524.376354786917,7699.0,9602.391,7846.0,11450.0,90523368.309,60728.0,1490.636416628244,9524.376354786917,meter,74159836.34450963,16780578.0,90940414.34450963,1497.5038589202613,True,True
2025-10-19,96,7641.11535028,1.0,1.0,10895.7,8067.4,1.0,60151.0,19.0,10.0,1575.0833333333333,1320.3784512847221,12.006930934767587,1568.7520506666667,9729.17061415995,7553.0,9757.96,8106.0,10990.0,90124431.88,60151.0,1498.3031351099733,9729.17061415995,meter,74341714.92535068,16308265.999999998,90649980.92535068,1507.0402973408702,True,True
2025-10-20,96,7578.425960018333,1.0,1.0,11332.8,8066.099999999999,1.0,60227.0,19.0,10.0,1575.4166666666667,1319.6586744583333,11.97003470746103,1570.4621746875,9580.657255490303,7466.0,9629.249,8087.0,11910.0,89089393.034,60227.0,1479.2268091387582,9580.657255490303,meter,72606301.65904571,16683053.999999998,89289355.65904571,1482.5469583250986,True,True
2025-10-21,96,7469.3553686333335,1.0,1.0,12740.0,8066.9,1.0,60183.0,19.0,8.0,1575.1666666666667,1319.2342740763888,11.970896744855565,1568.4190411527777,9634.29900008457,7424.0,9660.608,8076.0,12420.0,89346913.792,60183.0,1484.5872387883621,9634.29900008457,meter,71962002.95930043,17893934.0,89855936.95930043,1493.0451615788584,True,True
2025-10-22,96,7614.722123228334,1.0,1.0,12072.0,8067.2,1.0,60372.0,19.0,7.0,1575.2083333333333,1319.4008743194445,11.972709300145128,1568.454113763889,9546.084953324524,7593.0,9579.157,8031.0,11620.0,89634399.101,60372.0,1484.7015023686477,9546.084953324524,meter,72690784.28429736,17319712.0,90010496.28429736,1490.9311648495554,True,True
2025-10-23,96,7786.67246679,1.0,1.0,9305.4,8068.599999999999,1.0,56614.0,19.0,8.0,1574.7826086956522,1319.8578537430556,11.967520091826698,1567.1488804375,9538.085057415654,7773.0,9505.155,8120.0,8990.0,88598169.81500001,56614.0,1564.951598809482,9538.085057415654,meter,74269944.30247958,14941640.0,89211584.30247958,1575.786630559218,True,True
2025-10-24,96,7779.224566975,1.0,1.0,8020.8,7621.900000000001,1.0,55497.0,19.0,15.0,1574.6666666666667,1319.1487092222221,11.98704954819848,1567.9595648819443,9434.465723910336,7705.0,9461.598,7390.0,7990.0,86128412.59,55497.0,1551.9471789466097,9434.465723910336,meter,73392827.53572686,13452722.0,86845549.53572686,1564.8692638471784,True,True
2025-10-25,96,7762.030913543334,1.0,1.0,8632.1,7333.900000000001,1.0,56243.0,19.0,11.0,1574.9166666666667,1318.3380919652777,12.05793756324688,1568.2529881527778,9545.229013022788,7723.0,9594.699,7093.0,9102.0,88027560.377,56243.0,1565.1291783333038,9545.229013022788,meter,74090362.6759336,13730760.0,87821122.6759336,1561.4587179903917,True,True
2025-10-26,96,7867.292025575,1.0,1.0,9952.1,7334.8,1.0,58910.0,19.0,9.0,1574.75,1318.7846487152776,12.006353442180798,1568.0898510347222,9511.205359303613,7785.0,9531.163,7616.0,10388.0,89683543.955,58910.0,1522.3823451875742,9511.205359303613,meter,74827430.07685551,14866734.000000002,89694164.07685551,1522.5626222518335,True,True
2025-10-27,96,7750.20252152,1.0,1.0,11114.2,7957.0,1.0,59103.0,19.0,9.0,1574.5,1319.2837152638888,11.97293822188624,1568.4224461666665,9467.252733083833,7675.0,9490.7,8210.0,10640.0,89052122.5,59103.0,1506.7276195793784,9467.252733083833,meter,73373126.00381343,16401232.0,89774358.00381343,1518.947566177917,True,True
2025-10-28,96,7944.17663763,1.0,1.0,10085.0,8437.9,1.0,59166.0,19.0,10.0,1574.375,1319.619083159722,11.976826636075671,1566.8919879027778,9476.753153072435,7930.0,9485.975,8355.0,9990.0,91000481.75,59166.0,1538.0536414494811,9476.753153072435,meter,75285000.99922448,15929694.000000002,91214694.99922448,1541.6741878650657,True,True
2025-10-29,96,7992.234968048333,1.0,1.0,10177.7,8436.5,1.0,59547.0,19.0,9.0,1574.25,1319.4209447638889,11.941386129572988,1567.2718054791667,9449.665708890803,7876.0,9477.595,8466.0,10100.0,90612298.22,59547.0,1521.6937582078021,9449.665708890803,meter,75523948.71496432,16008212.0,91532160.71496432,1537.1414297103854,True,True
2025-10-30,96,8001.52833289,1.0,1.0,10787.4,8434.800000000001,1.0,60400.0,19.0,17.0,1574.25,1319.3864336319446,11.954123366539314,1566.4548712569442,9464.015647962791,7965.0,9498.811,8524.0,11140.0,92569069.615,60400.0,1532.6004903145695,9464.015647962791,meter,75726589.35008858,16531092.0,92257681.35008858,1527.4450554650427,True,True
2025-10-31,96,7769.705059836667,1.0,1.0,11256.0,8437.0,1.0,58920.0,19.0,10.0,1574.875,1319.3198253055555,11.982261842156964,1568.4802263611111,9543.548188385146,7638.0,9549.978,8328.0,11230.0,89762611.96399999,58920.0,1523.46591928038,9543.548188385146,meter,74150554.64809112,16935980.0,91086534.64809112,1545.9357543803653,True,True
2025-11-01,96,7776.741943167708,1.0,1.0,11050.0,8644.2,1.0,59443.0,17.0,13.0,1574.6666666666667,1319.0354622858424,11.9539359564461,1568.508348547491,9518.467708030217,7700.0,9559.472,8775.0,11080.0,90683234.39999999,59443.0,1525.5494238177748,9518.467708030217,meter,74022667.05972598,16937012.0,90959679.05972598,1530.200007733896,True,True
2025-11-02,96,8200.340413103571,1.0,1.0,11118.0,8802.9,1.0,58655.0,17.0,14.0,,1319.4914370198412,11.74178302469401,1567.4735414479167,9017.88602194891,8108.0,8888.949,8786.0,10790.0,88906958.492,58655.0,1515.7609494842725,9017.88602194891,meter,73949735.18654945,17131974.0,91081709.18654945,1552.837936860446,True,True
2025-11-03,96,8182.109932565,1.0,1.0,11066.8,8801.9,1.0,60084.0,17.0,16.0,,1319.1698213194445,11.76143017555322,1569.2733395138887,9068.983446301705,8087.0,9134.595,8827.0,11590.0,91430089.765,60084.0,1521.704443196192,9068.983446301705,meter,74203419.53425275,17087081.999999996,91290501.53425275,1519.3812251889478,True,True
2025-11-04,96,7957.398061605,1.0,1.0,11368.3,8801.0,1.0,59198.0,17.0,15.0,,1319.6113058125,11.766511659021715,1569.1993058958333,9336.230469334305,7830.0,9388.02,8843.0,11170.0,90719376.60000001,59198.0,1532.4736747863105,9336.230469334305,meter,74292102.23937833,17345598.0,91637700.23937833,1547.9864225037727,True,True
2025-11-05,96,7842.170495598333,1.0,1.0,10690.1,8802.5,1.0,57272.0,17.0,16.0,,1319.6533925625001,11.915385701186294,1568.5994037291666,9387.150952744927,7785.0,9344.237,8853.0,10420.0,89319665.04499999,57272.0,1559.5695111922055,9387.150952744927,meter,73615638.23934405,16763635.999999998,90379274.23934405,1578.0708590470745,True,True
2025-11-06,96,8018.167513948333,1.0,1.0,10268.6,9017.3,1.0,57185.0,17.0,16.0,,1319.4681055833332,11.88853240442097,1567.3118874072422,9224.121876040996,8034.0,9190.087,9106.0,10000.0,90264318.95799999,57185.0,1578.4614664335052,9224.121876040996,meter,73960554.37117207,16585874.000000002,90546428.37117207,1583.3947428726426,True,True
2025-11-07,96,8138.919369283095,1.0,1.0,8571.0,9171.3,1.0,57131.0,17.0,17.0,,1319.9493096155754,11.765434032901693,1568.2954211041667,9280.040263272409,8016.0,9335.443,9102.0,8210.0,89721231.088,57131.0,1570.4474118779647,9280.040263272409,meter,75529499.4464748,15258378.0,90787877.4464748,1589.1175972147312,True,True
2025-11-08,96,8043.600800995,1.0,1.0,7249.6,9171.5,1.0,56110.0,17.0,16.0,,1319.8141738680556,11.893735705485545,1567.3142384305556,9507.62175237631,7925.0,9534.462,9178.0,7240.0,89680091.35,56110.0,1598.2907030832293,9507.62175237631,meter,76475513.94297157,14122145.999999998,90597659.94297157,1614.6437345031468,True,True
2025-11-09,96,7912.86500672,1.0,1.0,7506.7,9020.4,1.0,56717.0,17.0,15.0,,1319.6031873680556,11.998609628532579,1567.779408597222,9593.357524218327,7828.0,9630.843,9044.0,7640.0,89738479.00400001,56717.0,1582.214838655077,9593.357524218327,meter,75910943.0503412,14213305.999999998,90124249.0503412,1589.0165038761077,True,True
2025-11-10,96,7963.811524221666,1.0,1.0,8320.8,9146.5,1.0,59970.0,17.0,19.0,,1319.7456173263888,11.97013865083619,1567.7912861597222,9650.399380795792,7906.0,9678.102,9129.0,8630.0,91787814.412,59970.0,1530.562187960647,9650.399380795792,meter,76853961.80212316,15021878.0,91875839.80212316,1532.0300117079066,True,True
2025-11-11,96,7958.1538380483335,1.0,1.0,9111.6,9147.2,1.0,60437.0,17.0,18.0,1575.0,1319.897784125,11.985112687135901,1567.8311509374998,9712.32189388698,7890.0,9714.021,9148.0,8870.0,92139105.69,60437.0,1524.5479704485663,9712.32189388698,meter,77292151.75619753,15702568.000000002,92994719.75619753,1538.7050938365162,True,True
2025-11-12,96,7916.806857303333,1.0,1.0,9000.3,9145.6,1.0,60744.0,17.0,16.0,1574.6666666666667,1320.1907897291667,11.95896523390513,1567.6528065486111,9706.660298537003,7837.0,9715.358,9141.0,9310.0,92007120.646,60744.0,1514.6701015079677,9706.660298537003,meter,76845754.81297177,15605474.000000002,92451228.81297177,1521.9812460979153,True,True
2025-11-13,96,7873.840634495,1.0,1.0,8938.1,9148.5,1.0,60391.0,17.0,15.0,1574.90625,1319.9958529097223,12.122597384364047,1567.2251349444443,9873.980991956418,7906.0,9761.732,9134.0,8940.0,92719893.192,60391.0,1535.326343196834,9873.980991956418,meter,77746152.75869769,15554475.999999998,93300628.75869769,1544.942603346487,True,True
2025-11-14,96,8388.1275955,1.0,1.0,10280.3,9145.8,1.0,59879.0,17.0,18.0,1574.4583333333333,1319.4842846111112,11.79899400318667,1568.0488753125,9090.204939209762,8318.0,9142.628,9113.0,9830.0,92339359.70400001,59879.0,1542.0992285108305,9090.204939209762,meter,76249798.8993358,16706445.999999998,92956244.8993358,1552.4014245283956,True,True
2025-11-15,96,8287.473159113333,1.0,1.0,8513.7,9146.4,1.0,59829.0,17.0,15.0,1574.1666666666667,1320.1564900486112,11.916719685131019,1566.7132247916668,9362.582110191399,8220.0,9415.435,9248.0,8650.0,92787155.7,59829.0,1550.8725818582961,9362.582110191399,meter,77592147.93820588,15187685.999999998,92779833.93820588,1550.7502037173592,True,True
2025-11-16,96,8379.19289483,1.0,1.0,8576.2,9146.7,1.0,60635.0,17.0,16.0,1574.2916666666667,1319.7613201944444,11.96958513835713,1566.4452857222223,9349.493691975447,8355.0,9338.019,9026.0,8620.0,93194708.745,60635.0,1536.978786921745,9349.493691975447,meter,78341211.11405857,15241694.000000002,93582905.11405857,1543.3809699688063,True,True
2025-11-17,96,8389.01308676,1.0,1.0,10033.1,9160.2,1.0,61126.0,17.0,12.0,1574.9166666666667,1320.2543522222222,11.886884019407498,1568.025749048611,9232.963693849355,8335.0,9245.563,9172.0,10540.0,94014087.605,61126.0,1538.0376207342213,9232.963693849355,meter,77455453.25728218,16506238.000000002,93961691.25728218,1537.1804347950492,True,True
2025-11-18,96,8363.524640075,1.0,1.0,10769.6,9172.1,1.0,61237.0,17.0,14.0,1574.5416666666667,1319.6190177569445,11.802996999353015,1567.6219686458332,9231.506413300933,8362.0,9194.064,9252.0,10720.0,94056683.168,61237.0,1535.9453135849242,9231.506413300933,meter,77207931.35265274,17149862.0,94357793.35265274,1540.8624418677066,True,True
2025-11-19,96,8383.269871203333,1.0,0.9791666666666666,10705.9,9171.6,1.0,60594.0,17.0,15.0,1574.0833333333333,1320.3248373402778,11.802474854699533,1568.2088181805557,9181.915202368364,8259.0,9266.783,9094.0,10330.0,93239000.79699999,60594.0,1538.7497243456446,9181.915202368364,meter,76974473.07595855,17094650.0,94069123.07595855,1552.4494681974875,True,True
2025-11-20,96,8389.418563411667,1.0,1.0,9543.8,9171.2,1.0,59704.0,17.0,21.0,1574.7916666666667,1320.420116763889,11.724581338077256,1568.4570298263889,9080.902771667326,8294.0,9105.158,9163.0,9570.0,91628560.45199999,59704.0,1534.7139295859572,9080.902771667326,meter,76183494.28516233,16094900.0,92278394.28516233,1545.5981891525246,True,True
2025-11-21,96,8213.964966865,1.0,1.0,9519.9,9170.8,1.0,58344.0,17.0,18.0,1574.9166666666667,1319.914941486111,11.769983629275629,1567.921436951389,9240.238332542049,8128.0,9290.8,9144.0,9480.0,91532262.39999999,58344.0,1568.837625119978,9240.238332542049,meter,75898993.94898345,16074001.999999998,91972995.94898345,1576.3916760760908,True,True
2025-11-22,96,8122.94040513,1.0,1.0,7304.4,9170.9,1.0,55234.0,17.0,21.0,1574.875,1319.5185182222222,11.79869413930025,1567.7858700416666,9287.977437639805,8075.0,9275.555,9186.0,6610.0,88484666.625,55234.0,1601.9963541478076,9287.977437639805,meter,75445687.21014018,14168758.0,89614445.21014018,1622.450758774309,True,True
2025-11-23,96,8231.578256081162,1.0,1.0,6379.4,8991.8,1.0,56366.0,17.0,17.0,1574.4782608695652,1319.0128281323261,11.769726345631192,1567.1757988599663,9181.469910555405,8028.0,9227.623,9059.0,6640.0,87580497.44399999,56366.0,1553.7823766809777,9181.469910555405,meter,75577988.07459132,13219231.999999998,88797220.07459132,1575.368485870761,True,True
2025-11-24,96,8040.701594623333,1.0,1.0,6316.3,9169.8,1.0,54231.0,17.0,19.0,1575.2391304347825,1319.4028212083333,11.794417355612765,1567.9263672361112,9311.346166576086,7965.0,9323.493,9256.0,6300.0,87639781.745,54231.0,1616.0458362375764,9311.346166576086,meter,74869755.9696782,13318045.999999998,88187801.9696782,1626.1511307126586,True,True
2025-11-25,96,7974.7820249549995,1.0,1.0,6636.6,8547.0,1.0,52637.0,17.0,18.0,1574.9166666666667,1319.2410065625,11.822495662782542,1568.3245916458334,9243.001463823804,7869.0,9268.063,8188.0,6890.0,85897467.747,52637.0,1631.8838031612743,9243.001463823804,meter,73710921.93033482,13057896.0,86768817.93033482,1648.437751587948,True,True
2025-11-26,96,8195.746994391666,1.0,1.0,9261.9,8442.1,1.0,59576.0,17.0,22.0,1574.0833333333333,1319.9205395416668,11.765060435127047,1567.4130333854166,9190.493700740388,8205.0,9210.565,8613.0,9320.0,90995065.825,59576.0,1527.3779009164764,9190.493700740388,meter,75322961.12481856,15225440.0,90548401.12481856,1519.8805076678286,True,True
2025-11-27,96,8025.091329716666,1.0,1.0,8803.0,8803.9,1.0,57971.0,17.0,12.0,1574.8809523809523,1319.4603290555556,11.822165616120976,1568.4110528541667,9277.9331616899,7920.0,9275.914,8840.0,9250.0,89022638.88000001,57971.0,1535.6409045902262,9277.9331616899,meter,74456260.97356835,15141934.000000002,89598194.97356835,1545.5692496863664,True,True
2025-11-28,96,7996.141009228333,1.0,1.0,10442.2,9012.7,1.0,58826.0,17.0,11.0,1574.75,1319.9579388333334,11.779726069107456,1568.3185478125,9243.599414264128,7850.0,9307.777,9090.0,10150.0,89612449.45,58826.0,1523.347660048278,9243.599414264128,meter,73913124.3492764,16731214.000000002,90644338.3492764,1540.8890345982456,True,True
2025-11-29,96,7871.029776481667,1.0,1.0,9168.9,8663.1,1.0,55465.0,17.0,16.0,1574.875,1319.1912782986112,11.97268422411335,1567.1306161944447,9360.600638625912,7901.0,9394.412,8210.0,9400.0,89369849.212,55465.0,1611.2836782114846,9360.600638625912,meter,73677566.35237786,15335520.0,89013086.35237786,1604.8514622262303,True,True
2025-11-30,96,7957.773185558333,1.0,1.0,9407.0,7337.2,1.0,54891.0,17.0,11.0,1574.1875,1319.6793568125001,11.961825865355218,1567.7597579583335,9387.780015061293,7867.0,9383.101,7380.0,9240.0,88110055.567,54891.0,1605.1821895574867,9387.780015061293,meter,74705824.07577516,14400012.0,89105836.07577516,1623.3232419845724,True,True
2025-12-01,96,8148.050905281667,1.0,1.0,9019.5,8204.6,1.0,57254.0,17.0,15.0,1574.8333333333333,1319.4699798958334,11.958512065993197,1566.4586221875,9326.378748200017,8096.0,9337.073,8600.0,8780.0,90539743.008,57254.0,1581.36973849862,9326.378748200017,meter,75991808.80227084,14812725.999999998,90804534.80227084,1585.9945995436274,True,True
2025-12-02,96,8238.270007625,1.0,1.0,8629.6,9171.3,1.0,59454.0,17.0,13.0,,1320.4632505,11.97619349373871,1566.670163138889,9351.438117737012,8154.0,9345.019,9140.0,8650.0,91498684.926,59454.0,1538.9828258149157,9351.438117737012,meter,77039672.17351401,15308774.000000002,92348446.17351401,1553.275577312107,True,True
2025-12-03,96,8218.094425073334,1.0,1.0,9296.9,9171.2,1.0,58720.0,17.0,15.0,,1319.4474821180554,11.937948516127376,1567.6009958333334,9322.997090729219,8034.0,9399.913,9240.0,9450.0,91592301.04200001,58720.0,1559.8143910422345,9322.997090729219,meter,76617270.4162967,15882565.999999998,92499836.4162967,1575.2696937380229,True,True
2025-12-04,96,8146.831649395,1.0,1.0,7173.1,9171.6,1.0,55570.0,17.0,12.0,,1319.8002088472224,11.980265768445802,1565.56300175,9445.401441730455,8085.0,9450.471,9140.0,7200.0,90459458.035,55570.0,1627.8470044088535,9445.401441730455,meter,76950095.40673083,14056442.0,91006537.40673083,1637.691873434062,True,True
2025-12-05,96,8139.058239805333,1.0,1.0,8211.2,9171.0,1.0,58537.0,17.0,15.0,,1319.697842076389,12.033856838165564,1566.3933398402778,9425.939830469812,7964.0,9466.986,9150.0,7780.0,89954876.50400001,58537.0,1536.718255189026,9425.939830469812,meter,76718273.2450946,14948692.0,91666965.2450946,1565.966230676232,True,True
2025-12-06,96,8060.833037741667,1.0,1.0,9177.1,9171.6,1.0,61912.0,17.0,15.0,,1318.8183337847222,11.967947264837347,1568.8594217916668,9499.46383949459,8012.0,9564.728,9210.0,10040.0,93187600.73599999,61912.0,1505.162177542318,9499.46383949459,meter,76573591.9582303,15779882.0,92353473.9582303,1491.6893971803577,True,True
2025-12-07,96,7996.852682378333,1.0,1.0,9687.9,9172.0,1.0,60057.0,17.0,9.0,,1319.6788308819444,11.961224912083217,1567.3044265302578,9522.221614077136,7872.0,9596.215,9180.0,8930.0,91116004.48,60057.0,1517.1587738315268,9522.221614077136,meter,76147803.45673369,16219514.000000002,92367317.45673369,1537.9941964589254,True,True
2025-12-08,96,7906.836719789761,1.0,1.0,7016.4,8638.5,1.0,55441.0,17.0,14.0,,1319.06577121627,11.987148066408835,1567.6128714861113,9633.339090903022,7796.0,9696.03,8220.0,7120.0,88782649.88000001,55441.0,1601.389763532404,9633.339090903022,meter,76169239.25813814,13463214.0,89632453.25813814,1616.7178308136242,True,True
2025-12-09,96,7662.99291186,1.0,1.0,8881.6,6875.68,1.0,52322.0,17.0,16.0,,1318.6815891041667,12.0238506305708,1567.6685712916667,9649.869257207487,7633.0,9732.539,6630.0,8430.0,87240070.187,52322.0,1667.368796815871,9649.869257207487,meter,73946879.7183567,13551260.8,87498140.5183567,1672.301145184754,True,True
2025-12-10,96,7813.923552321667,1.0,1.0,6053.2,7337.3,1.0,52425.0,17.0,13.0,,1319.3584372569444,11.99844610429434,1568.081587861111,9742.121648984483,7659.0,9792.663,7360.0,6190.0,86655005.91700001,52425.0,1652.9328739532668,9742.121648984483,meter,76124193.80258264,11515830.0,87640023.80258264,1671.7219609457823,True,True
2025-12-11,96,7638.0424212983335,1.0,1.0,8158.2,8259.2,1.0,57136.0,17.0,12.0,1574.888888888889,1319.4622015277778,12.100881940235835,1567.5647440694445,9675.588521589309,7690.0,9642.615,8720.0,8820.0,89236109.35,57136.0,1561.8193319448333,9675.588521589309,meter,73902555.57892637,14118964.000000002,88021519.57892637,1540.5614600064123,True,True
2025-12-12,96,7918.925404828333,1.0,1.0,8244.6,9173.4,1.0,56271.0,17.0,13.0,1574.2083333333333,1319.4933110138888,11.90481437999248,1567.1289490347224,9446.121765988184,7893.0,9452.4,8833.0,7630.0,88765973.2,56271.0,1577.4728225906774,9446.121765988184,meter,74803133.6297857,14979480.0,89782613.6297857,1595.5396852692452,True,True
2025-12-13,96,8195.284498836667,1.0,1.0,7223.8,9171.6,1.0,56243.0,17.0,14.0,1574.0625,1319.3382941527777,11.780816069484741,1566.663913597222,9269.955934091666,8127.0,9294.635,9407.0,7430.0,90017318.645,56243.0,1600.5070612342868,9269.955934091666,meter,75969926.1715604,14100044.000000002,90069970.1715604,1601.4432048710134,True,True
2025-12-14,96,8102.094504471666,1.0,1.0,7783.9,9170.9,1.0,56429.0,17.0,14.0,1574.7083333333333,1319.5429001666666,11.767795329100599,1567.5091847083334,9281.439572959996,8019.0,9336.84,9190.0,7360.0,89105119.96000001,56429.0,1579.066082333552,9281.439572959996,meter,75199100.55766504,14581128.0,89780228.55766504,1591.0299413008388,True,True
2025-12-15,96,8165.23905596,1.0,1.0,8214.4,8906.3,1.0,58496.0,17.0,15.0,1574.7916666666667,1319.847713715278,11.751047567103805,1567.5146023194445,9266.468247488445,8073.0,9301.737,8970.0,9250.0,90762122.801,58496.0,1551.5953706407277,9266.468247488445,meter,75662928.44520587,14723801.999999998,90386730.44520587,1545.1779684970916,True,True
2025-12-16,96,8124.23688274,1.0,1.0,10617.2,9172.8,1.0,60699.0,17.0,19.0,1574.909090909091,1319.538455236111,11.826935589649223,1567.2530523958333,9331.627676910934,8062.0,9386.112,9180.0,10640.0,92716034.94399999,60699.0,1527.4721979604276,9331.627676910934,meter,75812353.74875718,17019400.0,92831753.74875718,1529.3786347181533,True,True
2025-12-17,96,8155.1264374345,1.0,1.0,10647.5,9172.7,1.0,60889.0,17.0,20.0,1574.75,1319.756871888889,11.998370980895542,1567.7739933333332,9323.602603057276,8011.0,9341.202,8896.0,10790.0,91762329.22199999,60889.0,1507.0428028379508,9323.602603057276,meter,76035158.08032551,17045372.0,93080530.08032551,1528.6920475016097,True,True
2025-12-18,96,8030.4234805549995,1.0,1.0,10766.6,9171.9,1.0,59233.0,17.0,20.0,1575.2083333333333,1319.5637332361111,11.75349800861538,1567.8497634027779,9286.10667950259,7982.0,9359.892,9454.0,10460.0,91836697.944,59233.0,1550.4313126804316,9286.10667950259,meter,74571369.12201622,17147110.0,91718479.12201622,1548.4354856586062,True,True
2025-12-19,96,8048.33159196,1.0,1.0,9908.2,9173.3,1.0,60732.0,17.0,16.0,1574.5833333333333,1319.940286,11.932398200918625,1566.8776811944444,9408.175818366957,7982.0,9441.368,9150.0,9950.0,91786999.376,60732.0,1511.344914970691,9408.175818366957,meter,75720118.66167691,16410090.0,92130208.66167691,1516.9961249699813,True,True
2025-12-20,96,8134.678351930224,1.0,1.0,10256.3,9058.9,1.0,60234.0,17.0,19.0,1574.625,1320.0370660737847,11.984176683047375,1567.1558089087205,9377.38325538612,8046.0,9411.828,9060.0,10090.0,92196568.088,60234.0,1530.639972241591,9377.38325538612,meter,76281996.56534244,16611071.999999998,92893068.56534244,1542.2032168765554,True,True
2025-12-21,96,8221.644609198333,1.0,1.0,9373.8,9173.3,1.0,60238.0,17.0,17.0,1574.608695652174,1320.289619638889,11.993070247197231,1566.5671692430553,9382.08611008732,8126.0,9421.606,9190.0,9330.0,92487170.35599999,60238.0,1535.362567747933,9382.08611008732,meter,77136177.69003397,15950505.999999998,93086683.69003397,1545.3149787515185,True,True
2025-12-22,96,8222.230885394396,1.0,1.0,9670.3,9170.8,1.0,61110.0,17.0,17.0,1574.6666666666667,1320.1103628390977,12.012275951336479,1567.6639947022556,9389.665201187543,8080.0,9439.474,9190.0,10000.0,92774349.92,61110.0,1518.153328751432,9389.665201187543,meter,77203995.2207172,16203345.999999998,93407341.2207172,1528.5115565491278,True,True
2025-12-23,96,8209.794629274762,1.0,1.0,10113.1,9169.6,1.0,61800.0,17.0,15.0,1574.875,1320.083963477193,11.97167642744611,1568.028550459148,9451.857136567087,8053.0,9510.868,9200.0,9940.0,93051420.00400001,61800.0,1505.6864078317153,9451.857136567087,meter,77597805.9564608,16583122.0,94180927.9564608,1523.963235541437,True,True
2025-12-24,96,8148.776391325,1.0,1.0,10321.7,9168.8,1.0,62405.0,17.0,15.0,1574.8333333333333,1320.2272586388888,11.998826728999802,1567.40132775,9467.592337304506,8226.0,9488.76,9110.0,10250.0,94704139.76,62405.0,1517.5729470395001,9467.592337304506,meter,77149292.92091644,16761830.0,93911122.92091644,1504.8653620850323,True,True
2025-12-25,96,8282.152009788333,1.0,1.0,9387.6,9170.6,1.0,61089.0,17.0,17.0,1574.695652173913,1320.5955405208333,11.97832515203128,1567.6161364444445,9438.946834595692,8135.0,9498.194,9190.0,8870.0,92799408.19,61089.0,1519.0854031003944,9438.946834595692,meter,78174792.49643193,15960052.0,94134844.49643193,1540.9459067333223,True,True
2025-12-26,96,8142.169852485,1.0,0.9583333333333334,8775.7,9170.2,1.0,60791.0,17.0,18.0,1574.875,1319.830631576389,11.976888421437268,1567.122627048611,9487.85859672325,7998.0,9534.122,9190.0,9170.0,92043507.756,60791.0,1514.097609119771,9487.85859672325,meter,77251756.23088068,15433474.000000002,92685230.23088068,1524.6538176848658,True,True
2025-12-27,96,8101.942811328333,1.0,1.0,9747.1,9082.8,1.0,60354.0,17.0,19.0,1574.8333333333333,1319.6085333194444,11.992693342904639,1567.6746836875,9455.337328427571,7982.0,9492.269,9060.0,10010.0,92167491.158,60354.0,1527.1148748715912,9455.337328427571,meter,76606602.2967382,16193714.000000002,92800316.2967382,1537.6000977025253,True,True
2025-12-28,96,8114.2042932683335,1.0,1.0,9614.4,9170.6,1.0,59726.0,17.0,15.0,1574.7083333333333,1319.6554856527778,11.975105684232483,1567.9037967638887,9469.117222238388,7978.0,9526.635,9150.0,9250.0,91827494.03,59726.0,1537.4793897130228,9469.117222238388,meter,76834351.61814785,16155100.0,92989451.61814785,1556.9341931177016,True,True
2025-12-29,96,8015.477974681667,1.0,1.0,10316.0,9168.8,1.0,60969.0,17.0,16.0,1575.6666666666667,1319.7079795625,11.978934637984777,1567.7080863263889,9417.070775455873,7893.0,9440.642,9180.0,11000.0,91869787.306,60969.0,1506.8278519575522,9417.070775455873,meter,75482323.38668495,16756928.0,92239251.38668495,1512.8877197704564,True,True
2025-12-30,96,8172.3503959166665,1.0,1.0,10731.2,9169.5,1.0,61095.0,17.0,22.0,1574.7083333333333,1319.5201195833333,11.857736777449555,1567.726424625,9233.224403981898,8071.0,9251.688,9170.0,10370.0,91474773.848,61095.0,1497.2546664702513,9233.224403981898,meter,75457145.11346889,17114602.0,92571747.11346889,1515.2098717320384,True,True
2025-12-31,96,8119.815036115,1.0,1.0,10563.8,9170.3,1.0,61737.0,17.0,20.0,1574.6666666666667,1319.8343824652777,11.950545517939581,1567.831152888889,9361.566658964199,8024.0,9370.43,9120.0,10690.0,92224930.32000001,61737.0,1493.835630497109,9361.566658964199,meter,76014189.71905036,16971326.0,92985515.71905036,1506.1553965863318,True,True
2026-01-01,96,8061.332340363333,1.0,1.0,10630.0,8805.2,1.0,59521.0,16.0,17.0,1574.7692307692307,1319.906196861111,11.883430912029839,1568.0597787361112,9272.174147385487,7957.0,9287.261,8810.0,10740.0,90711735.77700001,59521.0,1524.029095226895,9272.174147385487,meter,74746077.31979944,16714272.0,91460349.31979944,1536.6063963945403,True,True
2026-01-02,96,8237.845188041667,1.0,1.0,10306.6,9170.1,1.0,60546.0,16.0,11.0,1574.8,1319.6769376180555,11.779979547632463,1566.7119048680554,9213.260881672655,8130.0,9243.625,9120.0,10300.0,91851871.25,60546.0,1517.0592813728406,9213.260881672655,meter,75897416.8202596,16749962.0,92647378.8202596,1530.1981769276188,True,True
2026-01-03,96,8081.303787635,1.0,1.0,9370.7,9170.4,1.0,57178.0,16.0,14.0,1574.8181818181818,1320.0125858194444,11.817124107233264,1566.9925482083333,9305.722441116865,7903.0,9379.911,9180.0,8970.0,89738436.633,57178.0,1569.4574247612718,9305.722441116865,meter,75202370.01007773,15945345.999999998,91147716.01007773,1594.1046558130352,True,True
2026-01-04,96,7993.412836265,1.0,1.0,8424.8,7948.0,1.0,52858.0,16.0,11.0,1574.5416666666667,1318.651515965278,11.97289835265506,1566.7832280277778,9345.60387944568,7870.0,9366.64,7480.0,7820.0,86873456.8,52858.0,1643.5252336448598,9345.60387944568,meter,74703270.01260908,14080608.0,88783878.01260908,1679.6677515723084,True,True
2026-01-05,96,7874.590585256428,1.0,1.0,7685.8,7337.3,1.0,51573.0,16.0,11.0,1575.6,1318.3345655250496,11.880681657134616,1566.7820507256945,9305.149653523204,7868.0,9333.08,7440.0,8290.0,86960473.44,51573.0,1686.16278750509,9305.149653523204,meter,73274243.85603593,12919866.0,86194109.85603593,1671.3030045961245,True,True
2026-01-06,96,7972.8400327066665,1.0,1.0,6547.3,6885.0,1.0,48951.0,16.0,10.0,1574.3333333333333,1318.937933715278,11.758928259038308,1566.4632027152777,9270.925223810978,7898.0,9285.764,6880.0,7920.0,86066964.072,48951.0,1758.226881412024,9270.925223810978,meter,73915603.76463018,11551778.0,85467381.76463018,1745.97825916999,True,True
2026-01-07,96,8083.118854681667,1.0,1.0,7779.4,8456.0,1.0,59010.0,16.0,8.0,1574.0,1320.2703163333333,11.793119821285414,1567.0922085277778,9317.289885395676,7962.0,9358.804,8860.0,8537.0,89476217.448,59010.0,1516.2890602948653,9317.289885395676,meter,75312761.54717657,13962444.0,89275205.54717657,1512.882656281589,True,True
2026-01-08,96,7899.43668367,1.0,1.0,9926.6,9169.0,1.0,60659.0,16.0,16.0,1574.75,1320.0905105138888,11.947202715363412,1568.4513360208332,9561.664581636589,7665.0,9798.629,9160.0,10364.0,91897131.28500001,60659.0,1514.9793317562112,9561.664581636589,meter,75531763.95312823,16422215.999999998,91953979.95312823,1515.916516149759,True,True
2026-01-09,96,7509.880136422262,1.0,1.0,10936.3,9012.65,1.0,60929.0,16.0,12.0,1575.0,1320.1001693888888,12.231368105237062,1567.793630404514,9903.036483483831,7289.0,9998.376,9190.0,10860.0,90121162.664,60929.0,1479.1177052635035,9903.036483483831,meter,74370616.97758019,17156096.999999996,91526713.97758019,1502.1863805015705,True,True
2026-01-10,96,7627.160156711667,1.0,1.0,10152.0,9169.9,1.0,60801.0,16.0,12.0,,1320.1739159791666,12.322499615627065,1567.2890976527779,9917.085162657642,7637.0,9997.412,9290.0,10000.0,92939635.444,60801.0,1528.5872838275686,9917.085162657642,meter,75639196.8233388,16616834.000000002,92256030.8233388,1517.343971700117,True,True
2026-01-11,96,7535.440468965,1.0,1.0,8316.5,9170.2,1.0,57563.0,16.0,10.0,,1319.9666125,12.291851475793413,1567.980677097222,9978.945749530774,7424.0,10069.776,8990.0,8120.0,89472617.024,57563.0,1554.342494727516,9978.945749530774,meter,75195751.63862047,15038562.0,90234313.63862047,1567.574894265769,True,True
2026-01-12,96,7414.389742136666,1.0,1.0,8762.2,9170.5,1.0,58106.0,16.0,12.0,,1320.0687018819444,12.385841566620039,1567.1951323958335,10004.426952363774,7435.0,10120.662,9270.0,8280.0,90340121.97,58106.0,1554.7468758820087,10004.426952363774,meter,74176720.57156156,15422122.0,89598842.57156156,1541.9895117812544,True,True
2026-01-13,96,7365.401784525119,1.0,1.0,8305.3,9172.5,1.0,59597.0,16.0,18.0,1574.9583333333333,1320.2055868472223,12.39642195309463,1567.0015066458334,10169.927136534756,7342.0,10262.578,9190.0,8820.0,90836447.676,59597.0,1524.1781914525898,10169.927136534756,meter,74905599.47992353,15030908.0,89936507.47992353,1509.077763644538,True,True
2026-01-14,96,7424.226521025,1.0,1.0,8516.7,9173.0,1.0,58764.0,16.0,8.0,1574.375,1320.0692614791667,12.381702739378825,1566.535432375,10124.22443123748,7437.0,10188.973,9140.0,8120.0,90618992.201,58764.0,1542.083455874345,10124.22443123748,meter,75164535.52720255,15213142.0,90377677.52720255,1537.9769506364873,True,True
2026-01-15,96,7383.715379271666,1.0,1.0,8762.1,9174.4,1.0,58803.0,16.0,22.0,1574.0833333333333,1319.4081010069444,12.384475378244789,1567.333548111111,10129.530408048813,7348.0,10221.734,9160.0,9280.0,90967701.432,58803.0,1546.9908241416254,10129.530408048813,meter,74793569.45871001,15425390.0,90218959.45871001,1534.257766758669,True,True
2026-01-16,96,7365.090068155,1.0,1.0,8863.5,9173.4,1.0,58443.0,16.0,15.0,1574.5,1320.060650534722,12.400749226355776,1567.115612965278,10155.188692184705,7388.0,10241.876,9200.0,8730.0,91086779.888,58443.0,1558.557566996903,10155.188692184705,meter,74793879.37704954,15511734.000000002,90305613.37704954,1545.1912697337498,True,True
2026-01-17,96,7390.63644086,1.0,1.0,8100.8,9171.6,1.0,57641.0,16.0,16.0,1575.0833333333333,1320.6041615347222,12.54001296111492,1567.5005716944445,10137.82143267123,7348.0,10201.896,9210.0,8000.0,89764131.808,57641.0,1557.2965737582624,10137.82143267123,meter,74924952.51123153,14854264.000000002,89779216.51123153,1557.5582746869682,True,True
2026-01-18,96,7416.695852733334,1.0,1.0,9303.9,9174.9,1.0,59152.0,16.0,14.0,1575.0,1320.2726048958334,12.494790383092258,1567.077973236111,10064.791060516507,7431.0,10140.983,9110.0,9310.0,91198844.67300001,59152.0,1541.7711095651882,10064.791060516507,meter,74647494.1171603,15891768.0,90539262.1171603,1530.620471280097,True,True
2026-01-19,96,7438.702330678333,1.0,1.0,8298.8,9172.3,1.0,58359.0,16.0,14.0,1574.2083333333333,1319.9359889930556,12.597421253437089,1567.0805415000002,10111.803028962506,7450.0,10196.429,9180.0,8060.0,90789796.05,58359.0,1555.7119904384926,10111.803028962506,meter,75218692.75890362,15025145.999999998,90243838.75890362,1546.356838857822,True,True
2026-01-20,96,7496.369263385,1.0,1.0,8595.0,9171.1,1.0,59902.0,16.0,8.0,1574.4583333333333,1320.0097374166667,12.607755609180616,1567.3384056805555,10094.551218965064,7415.0,10193.288,9170.0,8990.0,91200830.52000001,59902.0,1522.5005929685153,10094.551218965064,meter,75672483.48551528,15278845.999999998,90951329.48551528,1518.33543930946,True,True
2026-01-21,96,7706.367402458333,1.0,1.0,9972.9,9170.1,1.0,59375.0,16.0,9.0,1572.8333333333333,1320.2928155833333,12.279425405522824,1564.9836560972224,9661.16024972389,7837.0,9597.178,9080.0,9420.0,91123083.986,59375.0,1534.7045723957895,9661.16024972389,meter,74452450.4183984,16462980.0,90915430.4183984,1531.207249151973,True,True
2026-01-22,96,7748.572230586667,1.0,1.0,7991.2,9171.3,1.0,60262.0,16.0,16.0,1574.0,1320.14579525,12.394781471826482,1568.0813101527776,9915.264445198249,7643.0,10138.734,9240.0,8330.0,92600543.962,60262.0,1536.6324377219476,9915.264445198249,meter,76829142.73898646,14759750.0,91588892.73898646,1519.844889631716,True,True
2026-01-23,96,7408.40384025,1.0,1.0,10061.4,8300.7,1.0,60785.0,16.0,11.0,1575.0833333333333,1321.0194647222222,12.694145870857795,1568.006089267361,10131.450370526662,7400.0,10180.716,7900.0,10690.0,91324698.4,60785.0,1502.421623755861,10131.450370526662,meter,75057875.832312,15791405.999999998,90849281.832312,1494.6003427212636,True,True
2026-01-24,96,7399.204272828333,1.0,1.0,12292.0,7340.0,1.0,61513.0,16.0,14.0,1574.7916666666667,1324.329285340278,12.707531855903424,1567.3386150208335,10087.351507040272,7431.0,10156.085,7340.0,12220.0,92291467.63499999,61513.0,1500.3571218279062,10087.351507040272,meter,74638374.37241371,16883520.0,91521894.37241371,1487.8463799914443,True,True
2026-01-25,96,7640.376081083334,1.0,1.0,11635.0,7340.0,1.0,61984.0,16.0,8.0,1574.4166666666667,1324.902047423611,12.516524772272605,1567.5239781527778,10011.512223009531,7623.0,10116.672,7410.0,11590.0,93459390.656,61984.0,1507.7986360351058,10011.512223009531,meter,76491718.52415545,16318500.0,92810218.52415545,1497.3254150128332,True,True
2026-01-26,96,7685.38359139,1.0,1.0,10271.3,7338.8,1.0,59239.0,16.0,16.0,1574.7083333333333,1325.1840763888888,12.56252399673055,1568.2611140972222,10051.542585419058,7660.0,10149.378,7270.0,10040.0,92630835.48,59239.0,1563.6799318016847,10051.542585419058,meter,77249960.45413744,15144685.999999998,92394646.45413744,1559.692878916549,True,True
2026-01-27,96,7510.7216685,1.0,1.0,10527.5,7337.0,1.0,58261.0,16.0,11.0,1574.375,1324.422215888889,12.518386789705575,1567.0633172847222,10065.710727896285,7506.0,10140.414,7330.0,10630.0,91559547.48400001,58261.0,1571.54095336503,10065.710727896285,meter,75600751.67286354,15363470.0,90964221.67286354,1561.3226973938577,True,True
2026-01-28,96,8027.427782691667,1.0,1.0,10157.7,7339.3,1.0,59417.0,16.0,10.0,1574.0,1324.5153505972223,12.191949276676782,1566.6414111180557,9529.258814347653,8216.0,9329.938,7370.0,10070.0,91653170.608,59417.0,1542.5412021475336,9529.258814347653,meter,76495436.9547538,15047420.0,91542856.9547538,1540.6846012884157,True,True
2026-01-29,96,8222.386649426668,1.0,1.0,8331.4,7338.5,1.0,55853.0,16.0,9.0,1574.4166666666667,1324.730847375,12.023759464781959,1567.986995201389,9464.09040146832,8059.0,9812.903,7330.0,7800.0,92093985.277,55853.0,1648.8637186364206,9464.09040146832,meter,77817410.5660002,13476114.0,91293524.5660002,1634.532157019322,True,True
2026-01-30,96,7616.746865015,1.0,1.0,6280.1,7337.5,1.0,53084.0,16.0,13.0,1575.0833333333333,1323.3751315625,12.641929711620413,1567.8215684513889,10044.73104301825,7515.0,10126.937,7330.0,6080.0,87636531.55499999,53084.0,1650.9029378908897,10044.73104301825,meter,76508173.68182811,11711136.0,88219309.68182811,1661.8813518541954,True,True
2026-01-31,96,7364.919062523333,1.0,1.0,6490.7,7338.1,1.0,53421.0,16.0,15.0,1574.5416666666667,1323.6236170069444,12.714052531494744,1567.6623894583333,10197.468794077826,7310.0,10287.147,7350.0,6750.0,87325044.57000001,53421.0,1634.6576172291798,10197.468794077826,meter,75103532.3109906,11892768.0,86996300.3109906,1628.503777746403,True,True
2026-02-01,96,7380.940361811667,1.0,1.0,6802.2,7336.2,1.0,51275.0,16.0,13.0,1574.7391304347825,1322.752168284722,12.694866885695172,1567.5793283541668,10192.940904774676,7338.0,10263.176,7320.0,6950.0,87583385.48799999,51275.0,1708.110882262311,10192.940904774676,meter,75233488.92961253,12159024.0,87392512.92961253,1704.3883555263292,True,True
2026-02-02,96,7303.501342186667,1.0,1.0,6200.6,7336.5,1.0,52460.0,16.0,9.0,1574.1875,1320.951128513889,12.698947904612156,1567.0366503611112,10202.935106853862,7282.0,10274.387,7380.0,6330.0,86608686.134,52460.0,1650.9471241707968,10202.935106853862,meter,74517150.24715064,11641906.0,86159056.24715064,1642.376215157275,True,True
2026-02-03,96,7159.563477135,1.0,1.0,7644.2,7336.5,1.0,51342.0,16.0,10.0,1574.4444444444443,1318.1440557222222,12.704741975191146,1567.0497751458333,10199.42053348007,7179.0,10245.061,7360.0,7170.0,86045092.919,51342.0,1675.9201612519964,10199.42053348007,meter,73023398.73944469,12883402.0,85906800.73944469,1673.2266125091483,True,True
2026-02-04,96,7331.21862275,1.0,1.0,6811.2,7337.400000000001,1.0,53057.0,16.0,12.0,1573.9930555555557,1318.3267740069443,12.637046282901558,1565.8154503333333,10048.57664295584,7504.0,9892.815,7390.0,6740.0,86387483.76,53057.0,1628.2014392068909,10048.57664295584,meter,73668312.21696854,12167796.0,85836108.21696854,1617.8093035220336,True,True
2026-02-05,96,7888.33930287,1.0,1.0,6202.6,7337.0,1.0,54614.0,16.0,9.0,1574.3125,1319.597351548611,12.272042309059735,1567.4254287916667,9734.984737153982,7834.0,9930.068,7200.0,6340.0,89436552.712,54614.0,1637.6122003881787,9734.984737153982,meter,76792862.71493134,11644056.0,88436918.71493134,1619.308578659892,True,True
2026-02-06,96,7813.918048243333,1.0,1.0,8338.6,7335.6,1.0,58152.0,16.0,11.0,1575.013888888889,1319.3174608819445,12.408153831400112,1567.0610973888888,9806.728464573873,7858.0,9683.551,7320.0,8820.0,89973743.758,58152.0,1547.2166693836841,9806.728464573873,meter,76628972.54355541,13479812.0,90108784.54355541,1549.5388730147786,True,True
2026-02-07,96,8125.1554601983335,1.0,1.0,9484.9,7336.6,1.0,57870.0,16.0,11.0,1574.7083333333333,1319.729791263889,11.843903364146962,1566.9637992083333,9351.312874604688,8165.0,9313.577,7360.0,9450.0,90501956.205,57870.0,1563.8838120787973,9351.312874604688,meter,75980870.86311725,14466490.0,90447360.86311725,1562.9403985332167,True,True
2026-02-08,96,8100.8256312466665,1.0,1.0,11273.4,7336.5,1.0,60404.0,16.0,9.0,1574.8958333333333,1321.859671173611,11.768588394396751,1567.609539048611,9360.675476952667,8059.0,9399.575,7330.0,11819.0,92219314.92500001,60404.0,1526.7087432123703,9360.675476952667,meter,75829199.82948028,16004514.000000002,91833713.82948028,1520.3250418760392,True,True
2026-02-09,96,8050.116333086667,1.0,0.9895833333333334,11262.3,7344.400000000001,1.0,59531.0,16.0,8.0,1574.5416666666667,1325.3075556944443,11.98463541696495,1567.0242171597222,9405.019209278702,8058.0,9423.996,7450.0,10824.0,91654199.76799999,59531.0,1539.604571870118,9405.019209278702,meter,75711498.74960832,16001762.0,91713260.74960832,1540.596676514897,True,True
2026-02-10,96,8086.812480878333,1.0,1.0,9906.8,7334.6,1.0,58159.0,16.0,9.0,1574.2916666666667,1324.952325826389,11.98364729655489,1566.4832056041666,9383.849760053252,8112.0,9409.102,7230.0,9857.0,91021455.42400001,58159.0,1565.0450562079818,9383.849760053252,meter,75885433.35828578,14827604.000000002,90713037.35828578,1559.742040927213,True,True
2026-02-11,96,8102.67933464,1.0,1.0,8348.9,7336.0,1.0,55917.0,16.0,14.0,1574.625,1325.3874210555557,11.984582790181397,1567.8590010208334,9377.809328255142,8032.0,9453.38,7360.0,8240.0,89345548.16,55917.0,1597.8244211957008,9377.809328255142,meter,75985381.84824716,13489014.0,89474395.84824716,1600.1286880241637,True,True
2026-02-12,96,7916.150364383333,1.0,1.0,9040.2,7335.400000000001,1.0,56153.0,16.0,13.0,1574.7083333333333,1324.3111025208334,11.98324451442076,1567.3488923611112,9538.275899244512,7930.0,9631.042,7330.0,8860.0,90297563.06,56153.0,1608.0630253058607,9538.275899244512,meter,75506426.23539321,14083016.000000002,89589442.23539321,1595.4524644345486,True,True
2026-02-13,96,7919.590597947106,1.0,1.0,5991.0,7336.2,1.0,51952.0,16.0,15.0,1573.7916666666667,1323.438204967727,12.331221007622093,1566.9844846056678,9646.491544786706,7883.0,9679.19,7250.0,5260.0,87059654.77000001,51952.0,1675.770995726825,9646.491544786706,meter,76396263.74126905,11461392.0,87857655.74126905,1691.1313470370544,True,True
2026-02-14,96,7767.084444216667,1.0,1.0,4618.45,7262.05,1.0,50788.0,16.0,16.0,1574.5,1322.037737638889,12.286554766186498,1566.560920423611,9723.174656192487,7680.0,9808.893,7200.0,4670.0,85540498.24,50788.0,1684.2659336851223,9723.174656192487,meter,75520718.62051441,10217230.0,85737948.62051441,1688.1536705622275,True,True
2026-02-15,96,7741.375340196667,1.0,1.0,4529.5,7333.400000000001,1.0,51062.0,16.0,14.0,1574.0416666666667,1322.0862223125,12.3850366036597,1565.9605282430555,9791.700649345956,7818.0,9768.748,7350.0,4650.0,86692071.864,51062.0,1697.7805778073712,9791.700649345956,meter,75801229.94543447,10202094.000000002,86003323.94543447,1684.2921143988576,True,True
2026-02-16,96,7842.644954961666,1.0,1.0,7670.5,7334.2,1.0,53767.0,16.0,10.0,1574.3333333333333,1320.3824788055556,12.005066297343566,1566.6472482152776,9367.526385670642,7837.0,9403.611,7400.0,8350.0,87241099.407,53767.0,1622.5770343705249,9367.526385670642,meter,73466183.54905015,12904042.0,86370225.54905015,1606.3798528660732,True,True
2026-02-17,96,8009.65210031,1.0,1.0,8099.1,7333.7,1.0,55904.0,16.0,15.0,1574.5,1319.5448449791668,12.077246675321414,1566.890179763889,9451.648812538231,8023.0,9513.74,7370.0,8790.0,90226336.02,55904.0,1613.9513455208928,9451.648812538231,meter,75704418.76273936,13272208.0,88976626.76273936,1591.5967866832314,True,True
2026-02-18,96,8191.381267668333,1.0,1.0,10506.7,7334.8,1.0,59616.0,16.0,13.0,1574.25,1319.5107395208333,11.793998268043945,1567.0054654027779,9308.38680692247,8248.0,9348.283,7330.0,10010.0,92017038.184,59616.0,1543.4956753891572,9308.38680692247,meter,76248545.32243577,15343690.0,91592235.32243577,1536.3700235244862,True,True
2026-02-19,96,8298.678116541667,1.0,1.0,9393.0,7336.2,1.0,58670.0,16.0,12.0,1574.375,1320.2169113749999,11.670200140398322,1566.8210085555556,9293.639919296686,8249.0,9382.823,7290.0,9220.0,91597506.927,58670.0,1561.2324344128174,9293.639919296686,meter,77124926.22128546,14387112.0,91512038.22128546,1559.7756642455338,True,True
2026-02-20,96,8141.411218111666,1.0,1.0,8968.8,7335.400000000001,1.0,58075.0,16.0,18.0,1574.7916666666667,1320.48311425,11.855691417646023,1567.8617780208333,9393.906140995643,8090.0,9441.996,7320.0,9330.0,90704747.64,58075.0,1561.8553188118813,9393.906140995643,meter,76479652.83819,14021612.0,90501264.83819,1558.3515254100732,True,True
2026-02-21,96,8053.360324923333,1.0,1.0,9158.1,7236.02,1.0,57147.0,16.0,12.0,1574.2916666666667,1320.673403076389,11.962886064496935,1566.7022499375,9435.718013283898,8052.0,9523.16,7195.0,8590.0,90255584.32,57147.0,1579.3582221288955,9435.718013283898,meter,75989237.08534496,14098943.200000003,90088180.28534496,1576.428863900904,True,True
2026-02-22,96,8159.093145861667,1.0,1.0,7734.6,7333.7,1.0,56058.0,16.0,13.0,1574.8333333333333,1320.2428812152777,11.92537237812102,1567.2950024166666,9426.059725835355,8131.0,9543.173,7375.0,7480.0,90370839.663,56058.0,1612.0953238253237,9426.059725835355,meter,76908099.30154595,12958738.0,89866837.30154595,1603.1045934843546,True,True
2026-02-23,96,8069.916780948333,1.0,1.0,6841.7,7333.1,1.0,56543.0,16.0,9.0,1574.625,1320.316156298611,12.172821291874975,1567.3979181336997,9608.06934646139,8016.0,9757.104,7330.0,6930.0,90476545.66399999,56543.0,1600.1369871425286,9608.06934646139,meter,77536320.05152406,12190328.0,89726648.05152406,1586.8745565591507,True,True
2026-02-24,96,7471.184652459621,0.9479166666666666,1.0,7204.21,7197.64,1.0,55168.0,16.0,9.0,1574.6666666666667,1319.7705006590038,12.297955453341888,1566.8242408994565,9696.436293484447,7924.0,9678.048,7240.0,7350.0,89236252.352,55168.0,1617.536476798144,9696.436293484447,meter,72443866.01943345,12385591.0,84829457.01943345,1537.6569210309137,True,True
2026-02-25,96,8272.552474765,1.0,1.0,8855.1,7332.6,1.0,57607.0,16.0,25.0,1574.0416666666667,1320.3648318333333,11.773412880038242,1566.484249902778,9208.984690585807,8309.0,9255.757,7300.0,8950.0,90881084.913,57607.0,1577.6048902563925,9208.984690585807,meter,76181809.09217861,13921422.0,90103231.09217861,1564.1021246060134,True,True
2026-02-26,96,8226.02505569,1.0,1.0,8938.7,7334.8,1.0,56754.0,16.0,11.0,1574.1666666666667,1319.2845568958335,11.775879435796517,1566.995466451389,9287.015656469628,8193.0,9411.202,7350.0,9080.0,91235777.986,56754.0,1607.5655986538395,9287.015656469628,meter,76395223.48270446,13995210.0,90390433.48270446,1592.6707101297611,True,True
2026-02-27,96,8160.516537708333,1.0,1.0,9289.9,7335.9,1.0,57536.0,16.0,11.0,1574.625,1319.7955651180555,11.988419685962983,1567.3268751180556,9383.792340328895,8178.0,9474.006,7360.0,9340.0,91840421.06799999,57536.0,1596.2253383620687,9383.792340328895,meter,76576592.57967474,14298188.0,90874780.57967474,1579.4420985065826,True,True
2026-02-28,96,8165.354916818334,1.0,1.0,9983.14,7232.900000000001,1.0,59022.0,16.0,13.0,1574.3333333333333,1319.966402125,12.070035236554274,1566.800102534722,9513.445051373994,8171.0,9577.889,7240.0,10160.0,93224931.019,59022.0,1579.4946125004235,9513.445051373994,meter,77680655.32611768,14805794.4,92486449.72611769,1566.982645896745,True,True
2026-03-01,96,8374.955813676666,1.0,1.0,10194.8,7336.2,1.0,60342.0,16.0,13.0,1575.0,1320.1817651597223,11.685278288840772,1566.6055067361112,9276.677944646002,8297.0,9391.928,7320.0,10080.0,92888826.616,60342.0,1539.3726859567134,9276.677944646002,meter,77691767.88411914,15076660.0,92768427.88411914,1537.3774134784915,True,True
2026-03-02,96,8378.221856391667,1.0,1.0,12074.2,7334.8,1.0,62436.0,16.0,14.0,1574.4,1322.029196361111,11.797710234126628,1566.7721156597224,9179.444615898512,8375.0,9288.24,7300.0,12690.0,94980410.0,62436.0,1521.244314177718,9179.444615898512,meter,76907423.51045772,16691740.0,93599163.51045772,1499.1217168053322,True,True
2026-03-03,96,8267.650644831667,1.0,1.0,10245.1,7333.5,1.0,59597.0,16.0,13.0,1574.1666666666667,1323.6206324027778,11.917335999295018,1567.035315303675,9359.796253703598,8228.0,9498.44,7360.0,9540.0,92687164.32000001,59597.0,1555.2320472507006,9359.796253703598,meter,77383525.53242557,15117595.999999998,92501121.53242557,1552.110366837686,True,True
2026-03-04,96,4813.422345628127,0.59375,1.0,9057.2,7328.9,1.0,58832.0,16.0,11.0,1574.9166666666667,1321.5444949170953,12.052152829460859,1567.0268402787879,9552.491927917776,8092.0,9648.667,7260.0,9250.0,92275613.364,58832.0,1568.4595690100625,9552.491927917776,meter,45980178.10227173,14092045.999999998,60072224.10227173,1021.0807741071479,False,True
2026-03-05,96,8256.522931873333,1.0,1.0,8854.1,7330.1,1.0,56231.0,16.0,18.0,1574.0,1321.189347347222,11.740290697066493,1567.1106817916668,9245.383163043209,8275.0,9334.876,7330.0,8320.0,90705098.9,56231.0,1613.0799541178355,9245.383163043209,meter,76334718.09962186,13918412.0,90253130.09962186,1605.0422382604233,True,True
2026-03-06,96,8167.120311516666,1.0,1.0,7086.1,7331.6,1.0,54391.0,16.0,18.0,1574.6666666666667,1320.7842316875,11.785159148663466,1566.6705794652778,9336.532054448018,8137.0,9438.745,7320.0,6970.0,89092468.06500001,54391.0,1638.0001850489973,9336.532054448018,meter,76252580.58100884,12399222.0,88651802.58100884,1629.898376220493,True,True
2026-03-07,96,8163.931534996666,1.0,1.0,6936.3,7333.2,1.0,55258.0,16.0,22.0,1575.0,1319.7115914305557,11.741777875598709,1566.9822024791665,9282.764592098803,8127.0,9383.347,7390.0,7220.0,88823061.06899999,55258.0,1607.424464674798,9282.764592098803,meter,75783854.58538589,12271770.0,88055624.58538589,1593.5362225448964,True,True
2026-03-08,96,8012.736058456667,1.0,1.0,6753.4,7331.900000000001,1.0,52217.0,16.0,17.0,1575.4166666666667,1319.683534,11.665206231075224,1567.1545051249998,9268.167450110157,7854.0,9439.123,7280.0,6420.0,85916872.042,52217.0,1645.3812368002757,9268.167450110157,meter,74263379.52331203,12113358.0,86376737.52331203,1654.188052230347,True,True
2026-03-09,96,7789.141348974999,1.0,1.0,6040.1,7330.9,1.0,52540.0,16.0,14.0,1575.4,1319.2092714652779,12.031368533778766,1567.4239020833331,9486.392686684292,7671.0,9750.585,7440.0,5880.0,86251937.535,52540.0,1641.6432724590786,9486.392686684292,meter,73890853.52846666,11499060.0,85389913.52846666,1625.236268147443,True,True
2026-03-10,96,7738.13688424,1.0,1.0,6470.0,7251.9,1.0,55867.0,16.0,15.0,,1320.5382547361112,12.311510976424024,1566.929628076389,9733.401142671142,7800.0,9774.04,7250.0,7070.0,88552712.0,55867.0,1585.0629530850053,9733.401142671142,meter,75318390.39120732,11800834.0,87119224.39120732,1559.404020105023,True,True
2026-03-11,96,8000.5766446299995,1.0,1.0,9864.2,7331.3,1.0,57644.0,16.0,11.0,,1319.291496076389,11.911907448992949,1565.8542025972222,9388.128513790043,8046.0,9520.855,7320.0,9580.0,91138799.33,57644.0,1581.0630651932552,9388.128513790043,meter,75110441.72421357,14788130.0,89898571.72421357,1559.5477712201368,True,True
2026-03-12,96,7986.748354481667,1.0,1.0,9084.7,7294.8,1.0,58220.0,16.0,21.0,,1319.2019693125,12.053911703526394,1567.734895513889,9570.57163430885,7929.0,9623.365,7300.0,9890.0,91087061.085,58220.0,1564.532138182755,9570.57163430885,meter,76437747.25176512,14086370.0,90524117.25176512,1554.8628864954503,True,True
2026-03-13,96,8002.099334436667,1.0,1.0,10377.9,7329.7,1.0,60461.0,16.0,15.0,1574.6666666666667,1320.0086968958333,12.141459367350786,1567.1021858875501,9494.960767717137,8048.0,9621.048,7330.0,10500.0,92763994.304,60461.0,1534.2782008898298,9494.960767717137,meter,75979619.23985156,15228535.999999998,91208155.23985156,1508.5452645482471,True,True
2026-03-14,96,6449.870504988333,0.7708333333333334,1.0,10247.8,7327.8,1.0,58530.0,16.0,16.0,1574.625,1319.3455107809525,11.741897657057823,1567.2336021967872,9181.181083243471,8303.0,9320.56,7320.0,10120.0,92387009.67999999,58530.0,1578.4556582948915,9181.181083243471,meter,59217429.0697689,15115015.999999998,74332445.06976889,1269.9888103497162,False,True
2026-03-15,96,8162.086099383333,1.0,1.0,10540.6,7331.8,1.0,60016.0,16.0,12.0,1574.75,1319.5065783541665,11.821839307711143,1566.7857971666665,9391.677590692996,8118.0,9538.218,7370.0,10640.0,92919853.724,60016.0,1548.2513617035459,9391.677590692996,meter,76655681.11288525,15370264.000000002,92025945.11288525,1533.356856719629,True,True
2026-03-16,96,7911.088527393334,1.0,1.0,10639.9,7333.0,1.0,58895.0,16.0,15.0,1574.875,1319.3393475972223,12.15897788211109,1566.8153128124998,9642.90726155032,7821.0,9926.752,7340.0,10160.0,92687127.392,58895.0,1573.769036284914,9642.90726155032,meter,76285893.0075686,15456694.000000002,91742587.0075686,1557.7313355559656,True,True
2026-03-17,96,7892.074295995,1.0,1.0,9455.2,7334.1,1.0,56218.0,16.0,17.0,1574.6666666666667,1319.5592916736111,12.298072667834115,1567.414247875,9734.239675866254,7849.0,9928.202,7280.0,9140.0,92047657.498,56218.0,1637.3342612330568,9734.239675866254,meter,76823342.73695877,14438798.000000002,91262140.73695877,1623.3615699057023,True,True
2026-03-18,96,7495.572041248333,1.0,1.0,8090.1,7334.7,1.0,57020.0,16.0,16.0,1575.0,1319.3578211527777,12.555547091129085,1566.8851776944446,10086.201804842398,7462.0,10302.504,7310.0,8410.0,90396484.848,57020.0,1585.346980848825,10086.201804842398,meter,75601852.25076516,13265328.0,88867180.25076516,1558.5264863340085,True,True
2026-03-19,96,7541.191911025,1.0,1.0,9144.8,6672.505,1.0,58730.0,16.0,15.0,1573.9166666666667,1317.9530604583333,12.650179328245478,1567.5678684027778,10091.547467357565,7522.0,10238.291,6600.0,10100.0,91374424.902,58730.0,1555.8390073556955,10091.547467357565,meter,76102296.1305617,13602882.3,89705178.43056169,1527.4166257544985,True,True
2026-03-20,96,7428.140809615,1.0,1.0,11490.6,7377.7,1.0,57692.0,16.0,19.0,1574.5833333333333,1317.0298023194443,12.529275731365203,1567.3046565416669,10078.357380369103,7398.0,10311.264,7290.0,10290.0,91401531.072,57692.0,1584.301654856826,10078.357380369103,meter,74863457.75100426,16226738.0,91090195.75100426,1578.9051471781922,True,True
2026-03-21,96,7509.640306973333,1.0,1.0,9888.2,7332.900000000001,1.0,57418.0,16.0,16.0,1574.75,1319.3893510208334,12.715492082009021,1567.2229811944444,10137.715582258055,7536.0,10307.215,7380.0,9760.0,92415572.24,57418.0,1609.5226625796788,10137.715582258055,meter,76130597.55715673,14810146.000000002,90940743.55715673,1583.8368378758705,True,True
2026-03-22,96,7571.262151936667,1.0,1.0,9954.8,7331.7,1.0,58660.0,16.0,15.0,1574.875,1320.1103083680555,12.70995607098749,1566.811840875,10117.523770860771,7502.0,10273.088,7330.0,10470.0,92376706.176,58660.0,1574.7818986703035,10117.523770860771,meter,76602424.7976377,14866390.0,91468814.7976377,1559.304718677765,True,True
2026-03-23,96,7585.137345173333,1.0,0.9895833333333334,10924.2,7329.8,1.0,59945.0,16.0,17.0,1574.625,1320.9341144722223,12.809606370166373,1567.2947928888889,10074.031291534524,7653.0,10232.115,7280.0,10460.0,93562776.095,59945.0,1560.8103443990324,10074.031291534524,meter,76412910.96586327,15698440.0,92111350.96586327,1536.5977306841817,True,True
2026-03-24,96,7684.826341128333,1.0,1.0,9310.6,7330.0,1.0,58754.0,16.0,19.0,1574.5,1320.165174402778,12.812394049713214,1566.627313673611,10114.677081671978,7642.0,10271.003,7400.0,9140.0,92715404.926,58754.0,1578.0271117881337,10114.677081671978,meter,77729536.86923988,14310915.999999998,92040452.86923988,1566.539348286753,True,True
2026-03-25,96,7594.8472166833335,1.0,1.0,8910.4,7330.3,1.0,57180.0,16.0,17.0,1575.125,1319.9684202222222,12.68215267153253,1567.3122233194445,10059.608159684258,7547.0,10123.641,7300.0,8750.0,90206118.627,57180.0,1577.5816479013642,10059.608159684258,meter,76401187.03250293,13967002.0,90368189.03250293,1580.4160376443326,True,True
2026-03-26,96,7373.2579111116665,1.0,1.0,6636.7,7329.7,1.0,51341.0,16.0,13.0,1575.1666666666667,1320.2173260763889,12.664573772249824,1566.803922638889,10173.562164772577,7375.0,10290.146,7300.0,5960.0,87293426.75,51341.0,1700.267364289749,10173.562164772577,meter,75012297.71559574,12011104.0,87023401.71559574,1695.0079218479527,True,True
2026-03-27,96,7625.880212088334,1.0,1.0,6090.8,7326.8,1.0,53056.0,16.0,21.0,1574.25,1318.997859902778,12.57377840095399,1566.165476638889,9986.853688692996,7713.0,9926.649,7330.0,6160.0,88165643.73699999,53056.0,1661.7469039693906,9986.853688692996,meter,76158549.92562531,11539136.0,87697685.92562531,1652.9268306247232,True,True
2026-03-28,96,7904.611584508333,1.0,1.0,5367.0,7328.4,1.0,53446.0,16.0,15.0,1574.4166666666667,1319.9727205972222,12.313550220194935,1566.9328907986112,9781.357912632588,7810.0,9982.87,7370.0,5600.0,89120414.7,53446.0,1667.4852131123002,9781.357912632588,meter,77317835.0684178,10918044.0,88235879.0684178,1650.9351320663436,True,True
2026-03-29,96,7513.775275201667,1.0,1.0,8838.0,7328.4,1.0,58382.0,16.0,14.0,1574.625,1319.7841005,12.64877474576217,1566.8780942569445,10086.123253010763,7516.0,10232.007,7320.0,9560.0,91420564.612,58382.0,1565.903268336131,10086.123253010763,meter,75784863.52110888,13903104.0,89687967.52110888,1536.2263629390716,True,True
2026-03-30,96,7969.383657063333,1.0,1.0,9318.3,7328.8,1.0,57686.0,16.0,19.0,1574.6666666666667,1320.5581161041666,12.265208075540128,1566.3024995625,9668.29989442877,8154.0,9539.054,7255.0,8960.0,91726346.316,57686.0,1590.0971867697535,9668.29989442877,meter,77050391.1702478,14316505.999999998,91366897.1702478,1583.866053639493,True,True
2026-03-31,96,8272.409030553334,1.0,1.0,8817.1,7205.02,1.0,56610.0,16.0,17.0,1574.25,1320.0134896875,11.975568430793986,1567.2658320208332,9391.148875387287,8166.0,9640.5,7275.0,8380.0,92187623.0,56610.0,1628.4688747571101,9391.148875387287,meter,77687424.76402459,13779023.200000001,91466447.96402459,1615.7295171175515,True,True
2026-04-01,96,7819.906742305,1.0,1.0,6110.3,7328.4,1.0,56317.0,19.0,14.0,1574.8333333333333,1320.4081022222222,12.694813545310147,1566.644885854167,10063.076570593354,7835.0,10197.007,7330.0,6050.0,91400349.845,56317.0,1622.9619803079,10063.076570593354,meter,78692320.32271445,11557282.0,90249602.32271445,1602.5285850225412,True,True
2026-04-02,96,7842.311198179999,1.0,1.0,6080.3,7330.4,1.0,56911.0,19.0,16.0,1575.0,1319.6755467916666,12.708981730958504,1566.836842486111,10062.739321190884,7798.0,10162.175,7330.0,6220.0,90897640.64999999,56911.0,1597.1893069881041,10062.739321190884,meter,78915133.26294148,11533202.0,90448335.26294148,1589.2944292481502,True,True
2026-04-03,96,7703.603364533334,1.0,1.0,6395.4,7329.8,1.0,55947.0,19.0,17.0,1574.7222222222222,1319.768411486111,12.707087348671996,1566.8447605972221,10093.71907272882,7638.0,10257.793,7340.0,6520.0,90268622.934,55947.0,1613.4667262587807,10093.71907272882,meter,77758008.20932801,11803672.0,89561680.20932801,1600.8307900214133,True,True
2026-04-04,96,7655.917359055,1.0,1.0,7057.0,7329.5,1.0,56455.0,19.0,11.0,1574.4615384615386,1318.8663239236112,12.692015443890421,1566.8992094097223,10113.409472509613,7666.0,10206.727,7310.0,7110.0,90645969.18200001,56455.0,1605.6322590027457,10113.409472509613,meter,77427427.13981761,12372390.0,89799817.13981761,1590.6441792545852,True,True
2026-04-05,96,7682.980898206666,1.0,1.0,9848.3,7328.8,1.0,60842.0,19.0,15.0,1575.4,1318.8868824583333,12.591366077923281,1566.8624721944443,9954.386894959942,7727.0,10002.581,7350.0,11140.0,93191343.387,60842.0,1531.6942800532527,9954.386894959942,meter,76479364.367336,14772305.999999998,91251670.367336,1499.8137859921765,True,True
2026-04-06,96,7801.184876668333,1.0,1.0,10768.1,7328.6,1.0,60014.0,19.0,15.0,1575.5,1320.2300362152778,12.444540714027589,1566.7262099236111,9886.704598098768,7790.0,9978.753,7320.0,10210.0,92810285.87,60014.0,1546.477253140934,9886.704598098768,meter,77128010.39077538,15563162.0,92691172.39077538,1544.4924915982167,True,True
2026-04-07,96,7874.480665085,1.0,1.0,9782.4,7329.0,1.0,59616.0,19.0,12.0,1574.4,1319.8914680277778,12.338040776275188,1565.5233454583333,9810.337114931997,8059.0,9637.205,7340.0,9840.0,92441035.095,59616.0,1550.6078082226247,9810.337114931997,meter,77251309.92949776,14715804.000000002,91967113.92949776,1542.6582449258212,True,True
2026-04-08,96,8568.165824388334,1.0,1.0,9784.5,7329.2,1.0,58450.0,19.0,14.0,1575.5416666666667,1319.8918941597221,11.582249301288797,1566.574530534722,9136.886053412485,8361.0,9503.647,7300.0,9080.0,93546792.567,58450.0,1600.4583843798118,9136.886053412485,meter,78286354.82417926,14717782.0,93004136.82417926,1591.1742827062321,True,True
2026-04-09,96,7943.17526506,1.0,1.0,9254.4,7329.1,1.0,59674.0,19.0,19.0,1574.0,1319.6679777152779,12.34616677780802,1566.7985771805554,9789.495094741826,7892.0,9944.96,7390.0,9900.0,93355024.32,59674.0,1564.4170714213894,9789.495094741826,meter,77759675.29397947,14261810.0,92021485.29397947,1542.0700019100357,True,True
2026-04-10,96,7632.536448206667,1.0,1.0,10327.1,7330.400000000001,1.0,59306.0,19.0,15.0,,1319.8518141875,12.57349233972838,1566.3522941041667,10011.22580609753,7646.0,10116.788,7260.0,9890.0,92101961.04800001,59306.0,1552.995667352376,10011.22580609753,meter,76411045.85626656,15185450.0,91596495.85626656,1544.4726647601685,True,True
2026-04-11,96,7713.644261188333,1.0,1.0,9535.8,7328.8,1.0,60444.0,19.0,16.0,,1320.3379611041667,12.572750354649715,1567.4521654166667,10050.4764535214,7639.0,10201.905,7340.0,9980.0,92827552.295,60444.0,1535.7612384190325,10050.4764535214,meter,77525800.01791382,14503555.999999998,92029356.01791382,1522.5556882058404,True,True
2026-04-12,96,7630.202750303333,1.0,1.0,10584.3,7328.6,1.0,61149.0,19.0,22.0,,1319.9180720138888,12.63971254898271,1567.2209692222223,10038.449684417492,7612.0,10144.548,7330.0,10510.0,92562699.376,61149.0,1513.7238446417766,10038.449684417492,meter,76595406.39082398,15405094.000000002,92000500.39082398,1504.5299251144577,True,True
2026-04-13,96,7726.355357466667,1.0,1.0,10214.2,7329.1,1.0,61488.0,19.0,15.0,1574.2916666666667,1320.3183725486113,12.679740785897117,1566.182143138889,10009.042271130684,7955.0,9803.635,7330.0,10290.0,93141116.425,61488.0,1514.785265824226,10009.042271130684,meter,77333417.3746609,15087238.000000002,92420655.3746609,1503.0681657341415,True,True
2026-04-14,96,8868.200966031667,1.0,1.0,10512.9,7330.3,1.0,60118.0,19.0,14.0,1573.7916666666667,1320.9038312916666,11.563730105196237,1565.3852108263889,8892.998265169626,8976.0,8821.738,7400.0,10060.0,94199520.28799999,60118.0,1566.9104143185068,8892.998265169626,meter,78864895.80609523,15345152.0,94210047.80609523,1567.0855285620817,True,True
2026-04-15,96,8607.802508775,1.0,1.0,8244.1,7330.0,1.0,57310.0,19.0,14.0,1574.5833333333333,1321.020920625,11.644016802684602,1566.865803597222,9147.775800165033,8342.0,9534.662,7300.0,8100.0,92782150.404,57310.0,1618.9521968940849,9147.775800165033,meter,78742247.48237179,13393726.0,92135973.48237179,1607.6770804810992,True,True
2026-04-16,96,7927.741508685,1.0,1.0,7102.1,7330.900000000001,1.0,54815.0,19.0,13.0,1574.2916666666667,1319.4966465208333,12.435634077735932,1565.6797450208333,9845.533094764642,7938.0,9860.483,7320.0,6770.0,90389914.054,54815.0,1648.999617878318,9845.533094764642,meter,78052841.39049754,12412380.0,90465221.39049754,1650.3734632946737,True,True
2026-04-17,96,8096.952689376667,1.0,1.0,7090.4,7188.2300000000005,1.0,56568.0,19.0,11.0,1574.625,1320.0703642013889,12.344146910718587,1566.0303266180556,9689.80426180488,8043.0,9778.284,7170.0,6900.0,90746938.212,56568.0,1604.209768985999,9689.80426180488,meter,78457886.67715451,12279621.8,90737508.47715451,1604.0430716510132,True,True
2026-04-18,96,8056.13258381,1.0,1.0,9306.6,7329.8,1.0,61859.0,19.0,14.0,1574.9583333333333,1320.0730091041667,12.334712637976791,1566.702459451389,9696.574695784215,8012.0,9748.912,7340.0,10912.0,93805002.944,61859.0,1516.4325796407961,9696.574695784215,meter,78116891.35805476,14307304.000000002,92424195.35805476,1494.1107253278385,True,True
2026-04-19,96,7826.720204338333,1.0,1.0,11308.7,7328.2,1.0,61185.0,19.0,15.0,1574.2916666666667,1320.1020345069444,12.387992898111884,1565.8766340138889,9875.143013581634,7848.0,9972.141,7330.0,10958.0,93989042.568,61185.0,1536.1451755822507,9875.143013581634,meter,77289981.3451299,16027734.000000002,93317715.3451299,1525.1730872784165,True,True
2026-04-20,96,7915.3807687749995,1.0,1.0,9186.7,7329.3,1.0,57289.0,19.0,17.0,1575.0416666666667,1320.1498189930555,12.408831483582652,1566.9616432430555,9843.892647713534,7880.0,9969.532,7400.0,8670.0,92380112.16,57289.0,1612.5279226378536,9843.892647713534,meter,77918158.55359732,14203760.0,92121918.55359732,1608.0210608248933,True,True
2026-04-21,96,7765.026644996667,1.0,1.0,8637.3,7328.7,1.0,57332.0,19.0,16.0,1574.4166666666667,1319.7277790972223,12.506543784900034,1566.2995812291667,9982.335225668761,7823.0,9981.916,7190.0,8340.0,91444328.868,57332.0,1594.996317379474,9982.335225668761,meter,77513099.00660674,13730760.0,91243859.00660674,1591.4996687121807,True,True
2026-04-22,96,7854.862648140185,0.9583333333333334,1.0,8497.5,7329.4,1.0,58133.0,19.0,14.0,1574.7916666666667,1319.7993578863636,12.307209540985939,1566.1774141060605,9650.834668743297,8177.0,9695.935,7420.0,8720.0,93164060.49499999,58133.0,1602.6019729757622,9650.834668743297,meter,75805980.76288807,13611134.0,89417114.76288807,1538.147261673887,True,True
2026-04-23,96,7469.753037839141,0.9166666666666666,1.0,8415.5,7331.1,1.0,56703.0,19.0,16.0,1575.1666666666667,1319.5439646621733,12.202681481622978,1566.7566580810183,9689.428811431437,8101.0,9738.922,7290.0,8270.0,92276607.12200001,56703.0,1627.367284305945,9689.428811431437,meter,72377640.29911608,13542076.0,85919716.29911608,1515.2587393809158,True,True
2026-04-24,96,7960.548270968333,1.0,1.0,8489.6,7330.0,1.0,58393.0,19.0,15.0,1574.625,1319.9214068541667,12.3155556044127,1565.9512244444443,9764.372390713284,7914.0,9797.706,7360.0,8610.0,91273245.284,58393.0,1563.085391810662,9764.372390713284,meter,77729757.75198357,13604856.0,91334613.75198357,1564.1363477126295,True,True
2026-04-25,96,7899.902906056666,1.0,1.0,8734.7,7329.0,1.0,58128.0,19.0,13.0,1574.625,1319.7811889236111,12.372510937168833,1566.6628006874998,9711.979858236462,7901.0,9777.81,7330.0,8910.0,91220876.81,58128.0,1569.3104323217726,9711.979858236462,meter,76723697.90564604,13814782.0,90538479.90564604,1557.5708764389974,True,True
2026-04-26,96,7463.319805206666,1.0,1.0,7140.8,7329.3,1.0,50893.0,19.0,24.0,1575.2083333333333,1320.1281488819443,12.502683835302085,1567.2565263125,10022.15340555882,7321.0,10194.349,7270.0,6370.0,86363229.029,50893.0,1696.9569298135302,10022.15340555882,meter,74798536.00252658,12444286.0,87242822.00252658,1714.2401116563492,True,True
2026-04-27,96,7427.583594056667,1.0,1.0,6096.9,7331.4,1.0,53069.0,19.0,21.0,1574.2916666666667,1320.024260048611,12.647872106188204,1566.5807149166667,10047.058788680315,7477.0,10098.392,7390.0,6160.0,87158676.984,53069.0,1642.3651658030112,10047.058788680315,meter,74625369.02732475,11548338.0,86173707.02732475,1623.8049902452422,True,True
2026-04-28,96,7603.906096491667,1.0,1.0,7418.6,7333.3,1.0,56031.0,19.0,17.0,1574.875,1319.8453471875,12.601370308110765,1566.8664976875,9997.602486567364,7567.0,10115.852,7290.0,7830.0,89549852.084,56031.0,1598.219772697257,9997.602486567364,meter,76020830.49790983,12686634.000000002,88707464.49790983,1583.1854597974304,True,True
2026-04-29,96,7375.58604501,1.0,1.0,8499.5,7230.72,1.0,54811.0,19.0,16.0,1575.125,1319.4480363541668,12.869601090895285,1567.0363031180557,10161.58176755524,7387.0,10236.296,7220.0,8480.0,89117518.552,54811.0,1625.9057224279798,10161.58176755524,meter,74947620.68000849,13527989.200000001,88475609.88000849,1614.194411340944,True,True
2026-04-30,96,7568.062278755,1.0,1.0,8429.1,7335.0,1.0,55468.0,19.0,17.0,1575.2916666666667,1319.3679634861112,12.688003920139757,1567.4364689722222,10006.753792659174,7591.0,10136.824,7320.0,8220.0,90313030.984,55468.0,1628.200601860532,10006.753792659174,meter,75731735.91101243,13557126.0,89288861.91101243,1609.7364590576985,True,True
2026-05-01,96,7476.011552475,1.0,1.0,6783.599999999999,7334.5,1.0,53744.0,18.0,13.0,1575.391304347826,1320.1286426736112,12.915911400194602,1568.001023638889,10202.52183493583,7938.0,10318.253,7370.0,6720.0,94023692.31400001,53744.0,1749.4732865808278,10202.52183493583,meter,76274171.1023587,12141565.999999998,88415737.1023587,1645.1275882397792,True,True
2026-05-02,96,7763.68048301,1.0,1.0,7230.7,7325.3,1.0,52725.0,18.0,19.0,1574.3333333333333,1319.3023997638888,12.341680775904408,1566.111584138889,9709.93827559658,7825.0,9715.925,7300.0,7000.0,88325113.125,52725.0,1675.2036628733997,9709.93827559658,meter,75384858.28148094,12518160.0,87903018.28148094,1667.1980707725165,True,True
2026-05-03,96,7487.100708603333,1.0,1.0,5621.3,7333.900000000001,1.0,52042.0,18.0,13.0,1575.236111111111,1320.2031564930555,12.56942104219407,1567.8167049375,10098.63859171668,7443.0,10249.362,7330.0,5500.0,87319801.366,52042.0,1677.8717452442258,10098.63859171668,meter,75609524.15597093,11141472.0,86750996.15597093,1666.942011374869,True,True
2026-05-04,96,7480.052806601667,1.0,1.0,5122.2,7331.0,1.0,52761.0,18.0,12.0,1575.0347222222224,1320.0092580555556,12.551748220874915,1567.9611601388888,10199.04760760456,7450.0,10298.74,7350.0,5210.0,87527213.0,52761.0,1658.9377191486135,10199.04760760456,meter,76289414.6819265,10709752.0,86999166.6819265,1648.9294494404296,True,True
2026-05-05,96,7510.567154863334,1.0,1.0,7754.5,7129.6,1.0,58990.0,18.0,14.0,1574.6666666666667,1320.2344774027777,12.919724716211142,1567.5764099444443,10157.630082571859,7522.0,10213.421,7170.0,8590.0,90378952.76200001,58990.0,1532.1063360230548,10157.630082571859,meter,76289562.86941594,12800326.0,89089888.86941594,1510.2540917005583,True,True
2026-05-06,96,7479.47347466,1.0,1.0,7863.099999999999,7328.6,1.0,56583.0,18.0,12.0,1574.6666666666667,1319.9552248194443,12.90947543310822,1566.8002461458334,10208.87400153181,7441.0,10285.835,7330.0,7740.0,89497098.235,56583.0,1581.6958845412933,10208.87400153181,meter,76357002.30060327,13064862.0,89421864.30060327,1580.3662637294465,True,True
2026-05-07,96,7436.796886825,1.0,1.0,8544.3,7330.0,1.0,58009.0,18.0,12.0,1574.875,1318.9722375069443,12.923876068698966,1566.6004354305558,10233.701592258583,7453.0,10283.31,7340.0,8730.0,90461709.42999999,58009.0,1559.442662862659,10233.701592258583,meter,76105960.14200468,13651898.0,89757858.14200468,1547.3091786102964,True,True
2026-05-08,96,7530.899935908334,1.0,1.0,9397.9,7330.2,1.0,60134.0,18.0,11.0,1574.736111111111,1319.9393186597222,12.908666546788604,1567.1063773055555,10202.476980450956,7508.0,10260.551,7310.0,9530.0,91518616.90799999,60134.0,1521.9113464595735,10202.476980450956,meter,76833833.23818435,14386165.999999998,91219999.23818435,1516.9454757405852,True,True
2026-05-09,96,7543.280057891667,1.0,1.0,9568.6,7330.7,1.0,60247.0,18.0,10.0,1574.6666666666667,1319.8388244305556,12.938560870129812,1566.5186256875002,10184.341068116302,7570.0,10204.629,7340.0,9510.0,91740041.53,60247.0,1522.7321116404137,10184.341068116302,meter,76823336.88188882,14533398.0,91356734.88188882,1516.3698587795047,True,True
2026-05-10,96,7596.331307353334,1.0,1.0,9736.9,7336.9,1.0,60114.0,18.0,12.0,1574.625,1319.8270163819445,12.908694368154952,1566.1716556111112,10181.216731201403,7553.0,10264.702,7320.0,9660.0,92132094.206,60114.0,1532.6229198855508,10181.216731201403,meter,77339895.40217479,14683468.0,92023363.40217479,1530.8141764343545,True,True
2026-05-11,96,7667.387171196667,1.0,1.0,9508.4,7323.6,1.0,61198.0,18.0,9.0,1574.2916666666667,1320.550060625,12.833019217981885,1566.6529419791666,10133.815413930917,7738.0,10097.857,7330.0,9940.0,92989417.466,61198.0,1519.4845822739305,10133.815413930917,meter,77699886.30004895,14475520.0,92175406.30004895,1506.1833115469287,True,True
2026-05-12,96,7743.2125279599995,1.0,1.0,10540.4,7329.6,1.0,61898.0,18.0,16.0,1574.8333333333333,1320.0387731111111,12.70304993443802,1566.6532896944445,10072.313356807284,7700.0,10118.089,7340.0,10440.0,93200085.3,61898.0,1505.704308701412,10072.313356807284,meter,77992062.969969,15368200.0,93360262.969969,1508.2920768032732,True,True
2026-05-13,96,7654.659508753333,1.0,1.0,10645.2,7330.6,1.0,61667.0,18.0,12.0,1575.0416666666667,1320.129398076389,12.703652103363844,1567.527241013889,10199.64608801108,7620.0,10216.306,7330.0,10590.0,93259451.72,61667.0,1512.3072586634667,10199.64608801108,meter,78074817.91351275,15459188.000000002,93534005.91351275,1516.7594647625594,True,True
2026-05-14,96,7779.078355098333,1.0,1.0,11044.8,7328.8,1.0,61200.0,18.0,11.0,1574.6666666666667,1319.9833496875,12.589187787226761,1566.9292103611112,9951.371506569365,7788.0,10003.258,7350.0,10960.0,93651973.304,61200.0,1530.2610016993465,9951.371506569365,meter,77412498.69029604,15801295.999999998,93213794.69029604,1523.1012204296737,True,True
2026-05-15,96,7588.847509188333,1.0,1.0,10570.0,7329.0,1.0,61209.0,18.0,13.0,1575.4583333333333,1319.590963777778,12.833687322525323,1567.2965302291666,10242.30091525482,7602.0,10265.188,7320.0,10850.0,93662159.176,61209.0,1530.202407750494,10242.30091525482,meter,77727259.78908892,15393140.0,93120399.78908892,1521.351431800698,True,True
2026-05-16,96,7688.966828368333,1.0,1.0,9877.8,7327.5,1.0,60136.0,18.0,13.0,1574.9166666666667,1320.1835703472223,12.876956462387378,1567.3615366736112,10159.481179205717,7626.0,10292.575,7370.0,9870.0,93317576.95,60136.0,1551.7755911600373,10159.481179205717,meter,78115913.78034516,14796558.0,92912471.78034516,1545.0391076949772,True,True
2026-05-17,96,7513.714580066667,1.0,1.0,8954.6,7327.5,1.0,59620.0,18.0,14.0,1574.7083333333333,1319.9062654722222,12.975242373116954,1566.947060013889,10363.911815764317,7536.0,10430.813,7220.0,8510.0,92134406.768,59620.0,1545.3607307614895,10363.911815764317,meter,77871475.31663355,14002606.0,91874081.31663355,1540.9943192994558,True,True
2026-05-18,96,7723.646553536666,1.0,1.0,9222.0,7330.1,1.0,61239.0,18.0,15.0,1574.75,1320.458464784722,12.933401939262652,1566.5891866597221,10219.402387305669,7771.0,10202.598,7330.0,9180.0,93482989.058,61239.0,1526.52703437352,10219.402387305669,meter,78931052.0279178,14234805.999999998,93165858.0279178,1521.348454872186,True,True
2026-05-19,96,7671.031165323333,1.0,0.9895833333333334,8503.8,7330.2,1.0,57836.0,18.0,9.0,1574.4583333333333,1320.1864871527778,12.946155841600968,1566.849414159722,10303.868918882406,7590.0,10418.03,7320.0,7980.0,92230847.7,57836.0,1594.6961702054084,10303.868918882406,meter,79041299.60015337,13617240.0,92658539.60015337,1602.091078223829,True,True
2026-05-20,96,7501.862748265238,1.0,1.0,8256.0,7328.7,1.0,59169.0,18.0,7.0,1574.125,1319.7999583404255,13.026552013889367,1566.322198858156,10327.489936739188,7513.0,10377.645,7340.0,9070.0,92079846.885,59169.0,1556.217730314861,10327.489936739188,meter,77475412.03950784,13402842.0,90878254.03950784,1535.909919713158,True,True
2026-05-21,96,7626.62500811,1.0,1.0,9297.8,7328.7,1.0,60393.0,18.0,11.0,1575.1666666666667,1320.2021259374999,13.037749932174092,1566.8178138472222,10264.418769326317,7616.0,10306.318,7400.0,8720.0,92356117.888,60393.0,1529.2520306658055,10264.418769326317,meter,78282872.87985776,14298790.0,92581662.87985776,1532.9866520930864,True,True
2026-05-22,96,7642.240806586667,1.0,1.0,8346.3,7328.7,1.0,58783.0,18.0,11.0,1574.7916666666667,1319.8481298611111,12.972449530027722,1566.99720525,10220.34829622155,7640.0,10243.084,7300.0,8670.0,91991361.76,58783.0,1564.9313876460883,10220.34829622155,meter,78106362.80691284,13480500.0,91586862.80691284,1558.0501642807076,True,True
2026-05-23,96,7559.0199932333335,1.0,1.0,9891.5,7328.7,1.0,60617.0,18.0,9.0,1574.9166666666667,1319.5065810763888,12.955696867748328,1566.887055111111,10194.076561127637,7540.0,10212.043,7350.0,9920.0,91851004.22,60617.0,1515.2680637444942,10194.076561127637,meter,77057228.53811511,14809372.0,91866600.53811511,1515.5253565520418,True,True
2026-05-24,96,7550.736275243334,1.0,1.0,10036.7,7327.4,1.0,59490.0,18.0,9.0,1574.7916666666667,1319.7313116527778,12.889168999787884,1566.5500168611113,10160.320323721238,7563.0,10162.881,7330.0,10100.0,91851669.00299999,59490.0,1543.985022743318,10160.320323721238,meter,76717899.23641405,14933125.999999998,91651025.23641405,1540.612291753472,True,True
2026-05-25,96,7686.2166078,1.0,1.0,10105.3,7329.2,1.0,60934.0,18.0,11.0,1574.75,1319.8213928402777,12.966651551491767,1565.8328836875,10096.208737064992,7795.0,9948.56,7260.0,10310.0,92659225.2,60934.0,1520.648984146782,10096.208737064992,meter,77601647.2706444,14993670.0,92595317.2706444,1519.6001784003086,True,True
2026-05-26,96,7962.931576545,1.0,1.0,10808.2,7329.0,1.0,61684.0,18.0,14.0,1575.0,1320.0048135694444,12.71889838765609,1567.4649438194444,9951.0428698594,7897.0,10042.271,7380.0,10580.0,94749414.08700001,61684.0,1536.0452319402116,9951.0428698594,meter,79239473.4879564,15597992.0,94837465.4879564,1537.4726912644512,True,True
2026-05-27,96,7760.2489470949995,1.0,1.0,10240.1,7326.8,1.0,61254.0,18.0,16.0,1575.1666666666667,1319.929733048611,12.870651526595987,1566.8475385138888,10079.936334297034,7734.0,10045.431,7280.0,10270.0,92784363.354,61254.0,1514.7478263297091,10079.936334297034,meter,78222815.32501319,15107534.000000002,93330349.32501319,1523.6613008948507,True,True
2026-05-28,96,7754.127837771666,1.0,1.0,10557.1,7327.1,1.0,59934.0,18.0,15.0,1574.7916666666667,1321.0735707361112,12.700122742397724,1567.704127159722,9924.44125887795,7718.0,9989.518,7340.0,10750.0,92656499.924,59934.0,1545.975571862382,9924.44125887795,meter,76955386.2397952,15380412.0,92335798.2397952,1540.6246577868187,True,True
2026-05-29,96,7579.973454211667,1.0,1.0,10503.9,7327.6,1.0,59526.0,18.0,16.0,1575.5,1322.0342692569445,13.018628572313483,1567.9683155347223,10124.836893245301,7517.0,10159.321,7370.0,10670.0,91882015.957,59526.0,1543.561065030407,10124.836893245301,meter,76745994.8790223,15335090.0,92081084.8790223,1546.90529985254,True,True
2026-05-30,96,7416.541334873334,1.0,1.0,10642.2,7117.3,1.0,57549.0,18.0,17.0,1574.9583333333333,1320.5869388888889,13.024691531090129,1567.1128365416669,10190.12881026793,7357.0,10219.54,7030.0,9910.0,89753555.78,57549.0,1559.602352430103,10190.12881026793,meter,75575511.52903573,15273170.0,90848681.52903573,1578.6318012308768,True,True
2026-05-31,96,7514.920046248333,1.0,1.0,9050.8,7324.0,1.0,57230.0,18.0,18.0,1574.5,1322.2201033819445,12.93411602936375,1566.4811214236113,10109.012532829103,7565.0,10106.688,7380.0,9100.0,90629894.72,57230.0,1583.6081551633758,10109.012532829103,meter,75968420.93073307,14082328.0,90050748.93073307,1573.488536270017,True,True
2026-06-01,96,7917.209619675,1.0,1.0,9004.1,7326.0,1.0,57929.0,19.0,14.0,1574.1153846153845,1322.0165575833332,12.588708557164066,1566.3897964027776,9730.04168055142,8064.0,9522.957,7370.0,9000.0,90871325.248,57929.0,1568.6672521189732,9730.04168055142,meter,77034779.5931004,14043886.0,91078665.5931004,1572.2464671080184,True,True
2026-06-02,96,8264.911478386666,1.0,1.0,8944.9,7314.0,1.0,58346.0,19.0,12.0,1575.4,1322.4706883333333,11.984522275146892,1567.1965231597223,9358.187467368905,8197.0,9506.938,7280.0,9260.0,92152770.786,58346.0,1579.4188253864875,9358.187467368905,meter,77344591.01595151,13982654.0,91327245.01595151,1565.2700273532294,True,True
2026-06-03,96,7259.146840665595,0.9270833333333334,1.0,9257.1,7327.6,1.0,57807.0,19.0,12.0,1575.0,1322.4225227655236,12.490144739336005,1567.4315475574385,9911.766975038068,7801.0,9955.817,7350.0,9230.0,91924128.417,57807.0,1590.1902609891536,9911.766975038068,meter,71950971.92226118,14262842.0,86213813.92226118,1491.4078558351268,True,True
2026-06-04,96,7659.657570154744,1.0,1.0,8317.3,7327.3,1.0,55536.0,19.0,9.0,1574.6666666666667,1322.5710114411156,12.750246981947267,1567.07130225731,10087.824541247515,7606.0,10136.692,7280.0,7700.0,89982479.352,55536.0,1620.2549580812445,10087.824541247515,meter,77269281.61375934,13454355.999999998,90723637.61375934,1633.6005044252258,True,True
2026-06-05,96,7640.25467389,1.0,1.0,7250.7,7327.0,1.0,55573.0,19.0,16.0,1575.2,1322.1952451319444,12.837187044938537,1566.6708591249999,10134.048383761994,7663.0,10219.575,7350.0,7270.0,90885803.22500001,55573.0,1635.4309327371207,10134.048383761994,meter,77426710.52946497,12536822.0,89963532.52946497,1618.8352712551955,True,True
2026-06-06,96,7737.394849058333,1.0,1.0,8841.9,7325.6,1.0,58791.0,19.0,13.0,1574.125,1322.1701043333335,12.779044402885441,1566.693361375,10084.801563385017,7730.0,10118.266,7300.0,9150.0,92361196.17999999,58791.0,1571.009103094011,10084.801563385017,meter,78030091.67031066,13904050.0,91934141.67031066,1563.7451594684674,True,True
2026-06-07,96,7621.339757616666,1.0,1.0,8467.9,7326.0,1.0,56963.0,19.0,18.0,1576.2,1322.3400479166667,12.964042160659945,1566.914972847222,10171.866299377214,7553.0,10231.384,7360.0,8600.0,91003243.352,56963.0,1597.5851579446307,10171.866299377214,meter,77523249.03660467,13582754.0,91106003.03660467,1599.3891304286058,True,True
2026-06-08,96,7639.498884796667,1.0,1.0,9958.2,7324.4,1.0,59467.0,19.0,14.0,1574.875,1321.9597427777778,12.923616446756641,1567.268541486111,10064.481615833345,7613.0,10150.675,7300.0,10250.0,92370088.77499999,59467.0,1553.2999609026854,10064.481615833345,meter,76887596.0802154,14863035.999999998,91750632.0802154,1542.8831466227555,True,True
2026-06-09,96,7496.725068103333,1.0,1.0,10781.8,7325.6,1.0,59525.0,19.0,20.0,1572.4,1322.2588688680555,12.969929794701152,1567.3805639374998,10219.937501752833,7525.0,10276.873,7410.0,10670.0,92882269.325,59525.0,1560.3909168416633,10219.937501752833,meter,76616061.66383982,15572364.000000002,92188425.66383982,1548.7345764609797,True,True
2026-06-10,96,7556.0270306816665,1.0,1.0,10590.5,7325.2,1.0,59508.0,19.0,19.0,,1322.50137625,12.9344889772901,1566.619050173611,10161.024323676513,7544.0,10229.313,7220.0,10670.0,92555337.272,59508.0,1555.3427652080393,10161.024323676513,meter,76776974.44911362,15407502.0,92184476.44911362,1549.110648133253,True,True
2026-06-11,96,7498.236722855,1.0,1.0,10544.7,7325.0,1.0,57924.0,19.0,11.0,,1322.1898320833334,13.016864705348993,1566.8394148472223,10239.07184714809,7494.0,10289.104,7320.0,10200.0,92173745.376,57924.0,1591.2876420136731,10239.07184714809,meter,76774984.53223659,15367942.0,92142926.53223659,1590.75558546089,True,True
2026-06-12,96,7570.453949786666,1.0,1.0,9272.6,7327.2,1.0,57566.0,19.0,12.0,,1322.3946381666667,13.022127662068018,1566.8210781944445,10180.477888049107,7556.0,10253.684,7380.0,9160.0,91701236.30399999,57566.0,1592.975650627106,10180.477888049107,meter,77070839.03829718,14275828.0,91346667.03829718,1586.8162984799565,True,True
2026-06-13,96,7509.17137519,1.0,1.0,9851.5,7326.6,1.0,58720.0,19.0,14.0,1575.0416666666667,1322.0230797777779,13.054025718388575,1566.5090423958334,10183.151343065974,7535.0,10231.167,7270.0,10110.0,92038643.345,58720.0,1567.4155883004087,10183.151343065974,meter,76467028.57457861,14773165.999999998,91240194.57457861,1553.81802749623,True,True
2026-06-14,96,7650.513540938333,1.0,1.0,9295.0,7326.9,1.0,58990.0,19.0,24.0,1574.9583333333333,1322.67979575,13.088520174595658,1566.3102074375001,10206.18097302766,7624.0,10295.099,7330.0,9430.0,92903434.77600001,58990.0,1574.9014201729108,10206.18097302766,meter,78082525.73541528,14294834.000000002,92377359.73541528,1565.9833825295013,True,True
2026-06-15,96,7691.021900468667,1.0,1.0,9767.0,7327.3,1.0,60419.0,19.0,11.0,1574.5833333333333,1323.1417794791666,13.173652435739996,1566.5639084791667,10235.918114758942,7716.0,10321.42,7290.0,9620.0,94182676.72,60419.0,1558.8254807262615,10235.918114758942,meter,78724670.39201498,14701098.0,93425768.39201498,1546.2978267103888,True,True
2026-06-16,96,7748.903262881667,1.0,1.0,9599.3,7328.0,1.0,61692.0,19.0,16.0,1575.0416666666667,1322.5081203055556,13.233104463639526,1567.6294000416667,10278.611103808611,7713.0,10343.35,7400.0,9510.0,94320858.55,61692.0,1528.8993475653244,10278.611103808611,meter,79647963.12019427,14557478.0,94205441.12019427,1527.028482140217,True,True
2026-06-17,96,7715.27454096,1.0,1.0,10013.9,7325.3,1.0,61813.0,19.0,13.0,1574.7083333333333,1322.6033321666666,13.129777925041493,1566.5196668194446,10204.434357985281,7755.0,10241.358,7340.0,10230.0,94531931.29,61813.0,1529.3211992622912,10204.434357985281,meter,78730012.60706134,14911712.0,93641724.60706134,1514.9195898445528,True,True
2026-06-18,96,7726.918136995595,1.0,1.0,9168.1,7326.0,1.0,58677.0,19.0,15.0,1574.7916666666667,1322.8352067721453,12.9877724736542,1567.4447415770608,10197.477439091872,7651.0,10278.459,7330.0,8660.0,92391889.809,58677.0,1574.5844165345877,10197.477439091872,meter,78795073.37572238,14184925.999999998,92979999.37572238,1584.607246037159,True,True
2026-06-19,96,7657.304925386667,1.0,1.0,7835.5,7327.4,1.0,57724.0,19.0,12.0,1575.0,1322.2887190347221,13.114198294025734,1567.0258856944445,10211.746829504884,7655.0,10266.875,7320.0,7910.0,91690728.125,57724.0,1588.4333747661285,10211.746829504884,meter,78194459.29436943,13040094.0,91234553.29436943,1580.5306855791252,True,True
2026-06-20,96,7545.6799518416665,1.0,1.0,6134.1,7327.0,1.0,52064.0,19.0,15.0,1574.3333333333333,1320.6269322847222,13.070745730648532,1566.1609594583333,10216.023313306134,7534.0,10268.461,7300.0,4990.0,87931985.174,52064.0,1688.921042831899,10216.023313306134,meter,77086842.30276117,11576546.0,88663388.30276117,1702.969197579156,True,True
2026-06-21,96,7524.745779981667,1.0,1.0,3976.7,7326.3,1.0,51503.0,19.0,12.0,1574.375,1319.3556064027778,13.081048961451117,1566.7936437430556,10239.664365454206,7434.0,10309.615,7350.0,4350.0,86703677.91,51503.0,1683.4684952332873,10239.664365454206,meter,77050871.22238019,9720580.0,86771451.22238019,1684.7844052264954,True,True
2026-06-22,96,7460.718550465,1.0,1.0,4206.1,7328.8,1.0,50281.0,19.0,14.0,1574.5833333333333,1319.046619375,13.094433924703724,1565.865453048611,10245.628030524189,7517.0,10299.268,7320.0,3970.0,87128997.556,50281.0,1732.8413825500686,10245.628030524189,meter,76439747.108496,9920014.000000002,86359761.108496,1717.5426325748492,True,True
2026-06-23,96,7680.421023129999,1.0,1.0,3642.48,6452.0,0.9895833333333334,51337.0,19.0,13.0,1574.1666666666667,1319.0471087083333,13.126342371542215,1566.240688875,10207.498547185063,7704.0,10254.022,6130.0,3590.0,87356185.488,51337.0,1701.622328690808,10207.498547185063,meter,78397886.43536909,8681252.799999999,87079139.23536909,1696.2257092422442,True,True
2026-06-24,96,7692.3018592983335,1.0,1.0,3439.7,5855.7,1.0,50916.0,19.0,14.0,1573.9166666666667,1318.7661769791666,13.120516892957895,1566.7349604097224,10230.798266548396,7663.0,10237.831,5820.0,3750.0,86682698.953,50916.0,1702.4648234935971,10230.798266548396,meter,78698388.52787639,7994044.0,86692432.52787639,1702.6559927699818,True,True
2026-06-25,96,7616.181380435,1.0,1.0,3381.4,5854.5,1.0,47824.0,19.0,14.0,1574.5833333333333,1319.3799742430556,13.124071086957834,1566.797257548611,10180.403665267184,7587.0,10226.687,5880.0,3300.0,85484674.269,47824.0,1787.484824962362,10180.403665267184,meter,77535800.84072016,7942874.0,85478674.84072016,1787.3593768969588,True,True
2026-06-26,96,7656.62082222,1.0,1.0,2952.0,5854.2,0.9479166666666666,47958.0,19.0,17.0,1573.5416666666667,1320.0659904027777,13.089647630516573,1566.4618573380117,10189.351719992319,7590.0,10197.995,5880.0,2560.0,84661182.05000001,47958.0,1765.3192804120274,10189.351719992319,meter,78016002.54421636,7573332.000000001,85589334.54421636,1784.6727249721916,True,True
2026-06-27,96,7605.193936547955,1.0,1.0,2601.6,5642.6,1.0,47802.0,19.0,12.0,1573.875,1320.6265964789475,13.045476139100014,1566.2863834791667,10187.92519234183,7566.0,10250.243,5550.0,2860.0,84785938.538,47802.0,1773.6901915819421,10187.92519234183,meter,77481146.89880225,7090012.000000001,84571158.89880225,1769.1970816870057,True,True
2026-06-28,96,7579.874133728334,1.0,1.0,4258.86,6696.9,1.0,54497.0,19.0,8.0,1574.7083333333333,1320.6227051111111,13.132195724736569,1566.6363405763889,10221.31360372201,7616.0,10230.776,7080.0,4790.0,88125790.016,54497.0,1617.0759861276767,10221.31360372201,meter,77476270.597578,9421953.599999998,86898224.197578,1594.5506027410315,True,True
2026-06-29,96,8354.74714319,1.0,1.0,7345.5,7323.5,1.0,57343.0,19.0,11.0,1573.4583333333333,1318.0534922708332,12.385728796353733,1565.2282538194443,9952.512978763278,8357.0,10293.523,7290.0,7060.0,98363971.711,57343.0,1715.3614514587655,9952.512978763278,meter,83150729.37688388,12615340.0,95766069.37688388,1670.0568400133213,True,True
2026-06-30,96,7709.018882096786,1.0,1.0,7204.2,7331.6,1.0,60556.0,19.0,9.0,1573.8333333333333,1320.2311311759834,13.190969445972055,1566.3648362039337,10237.486414315319,7809.0,10255.08,7340.0,8050.0,93317319.72,60556.0,1541.0086485236804,10237.486414315319,meter,78920976.07316612,12500788.0,91421764.07316612,1509.70612446605,True,True
2026-07-01,96,7766.734119861667,1.0,1.0,9032.6,7332.2,1.0,60986.0,19.0,15.0,1574.246376811594,1320.9471679652777,13.128675268442295,1566.4200771666667,10164.085895121243,7836.0,10116.273,7350.0,8930.0,93271915.228,60986.0,1529.3988001836487,10164.085895121243,meter,78941752.71884286,14073728.0,93015480.71884286,1525.193990733002,True,True
2026-07-02,96,8044.511084148333,1.0,1.0,9019.2,7332.4,1.0,60778.0,19.0,18.0,1573.7708333333333,1322.2521931180556,12.797294459784661,1565.8592055416666,9939.776018437384,8077.0,9942.146,7320.0,8910.0,94260513.242,60778.0,1550.898569252032,9939.776018437384,meter,79960638.35427132,14062376.0,94023014.35427132,1546.990923595237,True,True
2026-07-03,96,8276.247691075278,1.0,1.0,9849.0,7247.7,1.0,62138.0,19.0,19.0,1573.875,1322.0085225520834,12.537995673498962,1565.7018723148149,9630.028880336751,8388.0,9485.749,7220.0,10380.0,94702462.612,62138.0,1524.066796678361,9630.028880336751,meter,79700504.28587528,14703162.0,94403666.28587528,1519.2582040921059,True,True
2026-07-04,96,8713.135371695,1.0,1.0,10298.6,7334.2,1.0,61610.0,19.0,19.0,1573.9930555555557,1322.8948791666667,11.952470836958922,1566.2774282222224,9205.85339703101,8667.0,9325.418,7360.0,9740.0,95529397.806,61610.0,1550.5501997403019,9205.85339703101,meter,80211846.86030947,15164208.0,95376054.86030947,1548.0612702533592,True,True
2026-07-05,96,8447.713702455,1.0,1.0,9194.0,7334.0,1.0,57999.0,19.0,18.0,1574.2708333333333,1323.0849608819444,12.15530816480456,1565.1167178263888,9257.158259594602,8422.0,9226.701,7320.0,9260.0,91966075.822,57999.0,1585.6493357126847,9257.158259594602,meter,78201822.6753718,14214080.0,92415902.6753718,1593.405104835804,True,True
2026-07-06,96,8479.477670656666,1.0,1.0,8969.65,7180.7300000000005,1.0,58427.0,19.0,18.0,1575.1180555555557,1322.988331064236,12.142972037379257,1566.9492037708333,9369.610849891302,8193.0,9703.777,7200.0,9000.0,93435044.961,58427.0,1599.1758084618411,9369.610849891302,meter,79449405.98439573,13889326.8,93338732.78439572,1597.5273894671252,True,True
2026-07-07,96,7775.6247053316665,1.0,1.0,9031.1,7332.9,1.0,58851.0,19.0,21.0,1574.1458333333333,1322.9753699652777,12.901891909807624,1566.3953528819445,10100.040731502264,7741.0,10223.58,7380.0,8960.0,93193132.78,58851.0,1583.5437423323308,10100.040731502264,meter,78534126.23672512,14073040.0,92607166.23672512,1573.5869609135805,True,True
2026-07-08,96,7759.269638385,1.0,1.0,8832.1,7330.1,1.0,59340.0,19.0,17.0,1574.3958333333333,1322.6547230694443,12.965342509364406,1566.9428222430554,10135.118484659793,7747.0,10295.553,7310.0,8560.0,93407849.091,59340.0,1574.1127248230537,10135.118484659793,meter,78641117.13945532,13899492.0,92540609.13945532,1559.4979632533757,True,True
2026-07-09,96,7659.2689663,1.0,0.9895833333333334,8662.7,7330.4,1.0,57472.0,19.0,16.0,1574.5416666666667,1322.5461077083335,13.122924620746032,1566.571722844521,10201.425712989745,7652.0,10336.402,7330.0,8640.0,92828348.104,57472.0,1615.1925825445435,10201.425712989745,meter,78135463.3755172,13754066.0,91889529.3755172,1598.8573457599737,True,True
2026-07-10,96,7077.978411034048,0.8958333333333334,1.0,7553.0,7329.7,1.0,59014.0,19.0,23.0,1574.375,1323.19010071777,12.985125913083156,1565.627811277193,10020.781494194422,8116.0,9897.918,7330.0,7810.0,93351902.48799999,59014.0,1581.8602787135255,10020.781494194422,meter,70926875.07759762,12799122.0,83725997.07759762,1418.7480441521948,False,True
2026-07-11,96,8300.509759093333,1.0,1.0,9533.8,7328.1,1.0,60319.0,19.0,16.0,1574.4583333333333,1322.8956423472223,12.327955804298995,1565.6823162222224,9524.165201259642,8274.0,9641.351,7330.0,9620.0,94349538.17400001,60319.0,1564.176099968501,9524.165201259642,meter,79055426.20027278,14501234.000000002,93556660.20027278,1551.031353309451,True,True
2026-07-12,96,8582.50443068,1.0,1.0,9016.3,7330.1,1.0,57702.0,19.0,20.0,1574.4583333333333,1322.178584763889,12.05882149007868,1566.3356255069446,9266.634097066877,8635.0,9281.061,7330.0,9000.0,94185761.735,57702.0,1632.2789805379364,9266.634097066877,meter,79530928.19556683,14057904.0,93588832.19556683,1621.9339398212685,True,True
2026-07-13,96,8523.621754653333,1.0,0.6666666666666666,8140.8,7329.2,1.0,55874.0,19.0,18.0,1574.9583333333333,1322.8882109930555,11.998477556722117,1566.3213884305558,9348.545250168063,8514.0,9260.391,7350.0,7370.0,91502168.97399999,55874.0,1637.6520201524859,9260.391,baseline,78932070.18419594,13304200.0,92236270.18419594,1650.790531986182,True,False
2026-07-14,96,8563.826731395,1.0,0.020833333333333332,5017.0,7330.4,1.0,51279.0,19.0,12.0,1575.125,1322.9096730694444,11.990419153562469,1566.8163545625,9173.25229025218,8345.0,9348.421,7310.0,4650.0,88298173.245,51279.0,1721.9168323290237,9348.421,baseline,80058257.65613438,10618764.0,90677021.65613438,1768.3071365692463,True,False
2026-07-15,96,8077.1302033716665,1.0,0.041666666666666664,4580.6,7329.0,1.0,54394.0,19.0,16.0,1574.6666666666667,1322.72605025,12.6642722349981,1565.4790387916667,9888.77410160423,8195.0,9617.632,7300.0,5340.0,89686894.24,54394.0,1648.8380012501377,9617.632,baseline,77682865.91211385,10242256.0,87925121.91211385,1616.448908190496,True,False
2026-07-16,96,8435.849446648333,1.0,0.5625,5080.3,7329.4,1.0,50511.0,19.0,14.0,1574.6666666666667,1322.0037100555555,12.163978763909212,1566.4287558333333,9324.677687150597,8378.0,9393.474,7350.0,4630.0,89001325.172,50511.0,1762.0186726059671,9393.474,baseline,79241932.4450055,10672342.0,89914274.4450055,1780.0929390628874,True,False
2026-07-17,96,8256.012616183334,1.0,0.9895833333333334,3351.89,7328.9,0.875,51272.0,19.0,17.0,1574.0833333333333,1320.9279354652779,12.262467499192281,1565.3474998125,9513.798360001227,8236.0,9417.832,7340.0,3580.0,86956464.352,51272.0,1695.9834676236542,9513.798360001227,meter,78546039.28799444,9185479.399999999,87731518.68799445,1711.0999900139345,False,True
2026-07-18,96,8499.628437363333,1.0,1.0,4825.0,7330.1,1.0,49514.0,19.0,12.0,1574.3333333333333,1318.292190451389,11.890243862808147,1565.9868513958334,9038.330943656216,8490.0,9079.958,7340.0,4110.0,86935843.42,49514.0,1755.7830799369876,9038.330943656216,meter,76822454.71500134,10453386.0,87275840.71500134,1762.6497700650593,True,True
2026-07-19,96,8496.047874186666,1.0,1.0,4326.8,7332.6,1.0,50935.0,19.0,17.0,1574.7083333333333,1319.8091682361112,11.663122614396398,1566.0481067847222,9075.697992354002,8527.0,9086.649,7300.0,4670.0,87776056.023,50935.0,1723.295494708943,9075.697992354002,meter,77107564.63469942,10027084.000000002,87134648.63469942,1710.7028297771556,True,True
2026-07-20,96,8519.431617858334,1.0,1.0,5477.9,7333.4,1.0,52368.0,19.0,12.0,1574.25,1319.2391314305555,11.749104823254163,1565.6912741875,9108.44224755924,8502.0,9110.233,7300.0,5530.0,88489000.966,52368.0,1689.7533028948978,9108.44224755924,meter,77598750.87329282,11017718.0,88616468.87329282,1692.1873830066609,True,True
2026-07-21,96,8637.668633641666,1.0,1.0,5760.0,7334.900000000001,1.0,52092.0,19.0,16.0,1575.0,1319.835425763889,11.672951390352914,1566.3660450347222,9007.73569620637,8598.0,9045.119,7350.0,5940.0,89199333.162,52092.0,1712.3422629578438,9007.73569620637,meter,77805836.08325614,11261614.000000002,89067450.08325614,1709.8105291264712,True,True
2026-07-22,96,8579.591429703334,1.0,1.0,5796.6,7222.6,1.0,52138.0,19.0,15.0,1574.7083333333333,1319.9584857291668,11.774236224115379,1566.163183236111,9078.735175441938,8556.0,9097.646,7220.0,6090.0,89286059.176,52138.0,1712.4949015305535,9078.735175441938,meter,77891838.50376785,11196512.0,89088350.50376785,1708.7028751346013,True,True
2026-07-23,96,8316.348961168333,1.0,1.0,6121.1,7332.2,1.0,51336.0,19.0,16.0,1575.1304347826087,1319.6873600347224,11.972475016108158,1567.5182124930554,9271.72928005309,8125.0,9613.292,7320.0,5850.0,89434197.5,51336.0,1742.134126149291,9271.72928005309,meter,77106936.16640353,11569838.0,88676774.16640353,1727.379892597856,True,True
2026-07-24,96,7952.763756155,1.0,1.0,5631.8,7332.4,1.0,53140.0,19.0,16.0,1574.375,1320.3511523472223,12.636021996798787,1564.9117054236112,9749.358790073598,8147.0,9538.725,7360.0,5820.0,89046792.575,53140.0,1675.7017797327815,9749.358790073598,meter,77534347.23144847,11149212.0,88683559.23144847,1668.8663762033962,True,True
2026-07-25,96,8570.855316608333,1.0,1.0,5775.5,7333.3,1.0,51490.0,19.0,16.0,1574.6666666666667,1321.325808159722,11.713122426324396,1566.072969486111,9052.522108651998,8440.0,9080.854,7370.0,6040.0,88175007.75999999,51490.0,1712.4685911827537,9052.522108651998,meter,77587857.24365444,11273568.0,88861425.24365444,1725.7996745708767,True,True
2026-07-26,96,8294.016272013334,1.0,1.0,6083.6,7334.9,1.0,52012.0,19.0,18.0,1574.75,1320.8965483125,11.778854881254249,1566.8269119791667,9191.292613420912,8361.0,9242.209,7280.0,5590.0,88342309.449,52012.0,1698.4986051103592,9191.292613420912,meter,76232730.49654901,11539910.0,87772640.49654901,1687.545960481216,True,True
2026-07-27,96,8411.522328645,1.0,1.0,6108.0,7335.400000000001,1.0,53930.0,19.0,18.0,1574.875,1320.2156591527778,11.68037070922262,1566.5914089305554,9114.426567327851,8387.0,9135.688,7360.0,6480.0,88523415.256,53930.0,1641.4503106990542,9114.426567327851,meter,76666202.58387342,11561324.000000002,88227526.58387342,1635.9637786737144,True,True
2026-07-28,96,8373.355908501666,1.0,1.0,6599.7,7280.5,1.0,52271.0,19.0,15.0,1574.0416666666667,1320.6615229305555,11.662627632449173,1566.3430569444445,9092.0329473341,8379.0,9099.703,7290.0,6030.0,87701611.43699999,52271.0,1677.8253991123183,9092.0329473341,meter,76130827.7998518,11936972.0,88067799.7998518,1684.83097319454,True,True
2026-07-29,96,8339.327224793333,1.0,1.0,5274.599999999999,7333.6,1.0,49730.0,19.0,14.0,1574.4166666666667,1319.56665675,11.697855436225387,1566.1433906944446,9114.936097226575,8217.0,9326.865,7320.0,4860.0,87113649.705,49730.0,1751.7323487834306,9114.936097226575,meter,76012434.74785307,10843052.0,86855486.74785307,1746.541056663042,True,True
2026-07-30,96,8050.005984468334,1.0,1.0,4330.5,7334.2,1.0,51780.0,19.0,14.0,1574.875,1319.7505525625,12.225692282832965,1566.6849559652776,9546.014728959606,8114.0,9405.308,7330.0,5300.0,87176469.112,51780.0,1683.593455233681,9546.014728959606,meter,76845475.69594769,10031642.0,86877117.69594769,1677.812238237692,True,True
2026-07-31,96,8325.623002591667,1.0,1.0,7374.5,7331.6,1.0,54762.0,19.0,16.0,1574.7083333333333,1319.8291075,11.930600320295023,1566.0564397222222,9256.852586894867,8298.0,9450.68,7310.0,7520.0,91175542.64,54762.0,1664.9417961360068,9256.852586894867,meter,77069064.82905208,12647246.0,89716310.82905208,1638.2950007131237,True,True
2026-08-01,96,8113.5918730583335,1.0,0.9895833333333334,7555.4,7332.4,1.0,55492.0,19.0,19.0,1575.4375,1321.18989725,12.419551320714033,1566.4999449166664,9750.138273313842,,,,,,,,9750.138273313842,meter,79108642.6555542,12803508.0,91912150.6555542,1656.3135344834247,True,True
2026-08-02,96,8094.232154527949,1.0,1.0,7699.0,7311.0,1.0,55090.0,19.0,23.0,1574.2,1322.3527709809218,12.538980721960458,1566.0799099844705,9638.508914419173,,,,,,,,9638.508914419173,meter,78016328.77679595,12908600.0,90924928.77679595,1650.4797381883454,True,True
2026-08-03,96,8088.644296808687,0.9583333333333334,1.0,10002.1,7305.3,1.0,57746.0,19.0,15.0,1574.7916666666667,1321.9434617410468,11.727948939790478,1566.424008701102,9038.159692262607,,,,,,,,9038.159692262607,meter,73106458.84846608,14884364.000000002,87990822.84846608,1523.7561536464186,True,True
2026-08-04,96,8385.857369956666,1.0,1.0,12266.8,7333.4,1.0,60672.0,19.0,14.0,1574.6666666666667,1321.5247830347223,11.771621804863635,1566.4966105763888,9027.687246675856,,,,,,,,9027.687246675856,meter,75704897.63120052,16856171.999999996,92561069.63120052,1525.5977985100296,True,True
2026-08-05,96,8292.099160438333,1.0,1.0,11274.2,7332.6,1.0,60064.0,19.0,15.0,1574.4,1322.520897986111,12.019941349029978,1566.2767343819444,9234.782405584954,,,,,,,,9234.782405584954,meter,76575731.43218169,16001848.000000002,92577579.43218169,1541.315587243302,True,True
2026-08-06,96,8574.761364776667,1.0,1.0,11092.2,7330.8,1.0,60120.0,19.0,19.0,1574.375,1322.6003468472222,11.677769242903087,1566.0677591458334,9019.767560593238,,,,,,,,9019.767560593238,meter,77342354.39784078,15843780.0,93186134.39784078,1550.002235493027,True,True
2026-08-07,96,8711.764405921667,1.0,1.0,11147.5,7329.9,1.0,60539.0,19.0,17.0,1576.8,1322.395956201389,11.758639503236912,1564.5700126111112,9168.654336935508,,,,,,,,9168.654336935508,meter,79875156.50271408,15890564.000000002,95765720.50271408,1581.884743763757,True,True
2026-08-08,96,8494.332126187666,1.0,1.0,10424.7,7329.3,1.0,60938.0,19.0,14.0,1573.2916666666667,1323.0581479930556,11.871203014907929,1565.6937748541668,9341.357297424303,,,,,,,,9341.357297424303,meter,79348591.39370885,15268440.0,94617031.39370885,1552.677006034147,True,True
2026-08-09,96,8463.737756198334,1.0,1.0,11955.0,7329.2,1.0,60007.0,19.0,14.0,1575.4,1322.3902629652778,11.522362474636992,1566.1954790208335,9074.980550857546,,,,,,,,9074.980550857546,meter,76808255.52505857,16584412.0,93392667.52505857,1556.3628830812834,True,True
2026-08-10,96,8563.782583613332,1.0,1.0,10748.0,7332.0,1.0,58397.0,19.0,17.0,,1322.594028673611,11.464597011108992,1566.414035798611,9045.766916424658,,,,,,,,9045.766916424658,meter,77465981.17430316,15548800.0,93014781.17430316,1592.8006776769896,True,True
2026-08-11,96,8386.466984118333,1.0,1.0,11045.5,7333.1,1.0,59047.0,19.0,13.0,,1322.4708229999999,11.627156229222892,1566.246177625,9205.136262752474,,,,,,,,9205.136262752474,meter,77198571.35188405,15805595.999999998,93004167.35188405,1575.0870891304223,True,True
2026-08-12,96,8610.798242523333,1.0,1.0,12455.0,7332.8,1.0,60916.0,19.0,18.0,,1322.5410321597221,11.477080693458767,1566.1759618680555,8939.50834532784,,,,,,,,8939.50834532784,meter,76976302.74897164,17017508.0,93993810.74897164,1543.0069398675494,True,True
2026-08-13,96,8585.511187778333,1.0,1.0,11456.8,7333.8,1.0,59763.0,19.0,18.0,1576.1666666666667,1322.4010945902778,11.471672117752854,1566.6400944097222,9078.28357184388,,,,,,,,9078.28357184388,meter,77941705.17188987,16159915.999999998,94101621.17188987,1574.579943642218,True,True
2026-08-14,96,8574.822034943334,1.0,1.0,12328.5,7333.900000000001,1.0,60690.0,19.0,18.0,1574.6666666666667,1321.663894486111,11.62178407461414,1565.8622593194443,9149.696015921838,,,,,,,,9149.696015921838,meter,78457015.01035981,16909664.0,95366679.01035981,1571.3738508874578,True,True
2026-08-15,96,8482.131333808333,1.0,1.0,12458.0,7332.1,1.0,61045.0,19.0,20.0,1574.125,1322.6482662430556,11.49751908238501,1566.1374172916667,9076.111230780249,,,,,,,,9076.111230780249,meter,76984767.45973086,17019486.0,94004253.45973086,1539.9173308171162,True,True
2026-08-16,96,6981.1289308385685,0.8125,1.0,10688.8,7332.900000000001,1.0,57275.0,19.0,31.0,1573.9166666666667,1322.9914609533464,11.470786663918455,1566.3442322339126,9049.738441282514,,,,,,,,9049.738441282514,meter,63177390.84895929,15498662.0,78676052.8489593,1373.654349174322,False,True
2026-08-17,96,8398.215378065,1.0,1.0,10161.95,7200.08,1.0,56998.0,19.0,21.0,1575.1666666666667,1322.1812838472222,11.460945475090682,1567.221037423611,9122.030286161003,,,,,,,,9122.030286161003,meter,76608775.02841201,14931345.799999999,91540120.82841201,1606.02338377508,True,True
2026-08-18,96,8598.462261228333,1.0,1.0,10763.2,7332.0,1.0,60836.0,19.0,21.0,1574.4166666666667,1322.9502272430557,11.524296495712022,1565.718707486111,9088.949069210588,,,,,,,,9088.949069210588,meter,78150985.56583363,15561872.0,93712857.56583363,1540.417804685279,True,True
2026-08-19,96,8983.494731443334,1.0,1.0,10866.6,7332.1,1.0,61895.0,19.0,17.0,1571.125,1324.5633320625,11.475176953873778,1565.7437098472221,9152.719689163969,,,,,,,,9152.719689163969,meter,82223409.10598218,15650882.0,97874291.10598218,1581.295599094954,True,True
2026-08-20,96,8915.726967273333,1.0,1.0,10623.4,7332.1,1.0,61573.0,19.0,28.0,1574.4166666666667,1324.2312993541666,11.50959832634816,1567.6555832222223,9168.417979898926,,,,,,,,9168.417979898926,meter,81743111.43061855,15441730.0,97184841.43061855,1578.367814311769,True,True
2026-08-21,96,8689.072845367424,1.0,1.0,11316.0,7332.9,1.0,62276.0,19.0,24.0,1573.9583333333333,1323.4747125486113,11.791655395761728,1566.9659127083332,9244.382753188134,,,,,,,,9244.382753188134,meter,80325115.15290996,16038054.000000002,96363169.15290996,1547.3564318984836,True,True
2026-08-22,96,8641.58571494,1.0,1.0,10928.3,7332.9,1.0,61636.0,19.0,20.0,1574.0416666666667,1323.394158298611,11.679741307821395,1565.859274347222,9145.6199854653,,,,,,,,9145.6199854653,meter,79032659.0206667,15704631.999999998,94737291.0206667,1537.0447631362629,True,True
2026-08-23,96,8705.772962111667,1.0,1.0,11064.0,7332.3,1.0,62421.0,19.0,19.0,1574.0833333333333,1323.3853376944444,11.535015427959863,1566.3454888263889,9061.368887493136,,,,,,,,9061.368887493136,meter,78886220.26045762,15820818.0,94707038.26045762,1517.2303913820288,True,True
2026-08-24,96,8674.10277005,1.0,1.0,10056.9,7305.9,1.0,61008.0,19.0,17.0,1574.2083333333333,1323.2430989861111,11.739981635317088,1565.8893465625,9170.17459619136,,,,,,,,9170.17459619136,meter,79543036.86666562,14932008.0,94475044.86666562,1548.56813641925,True,True
2026-08-25,96,8717.562745711666,1.0,1.0,9065.8,7329.9,1.0,61078.0,19.0,16.0,1574.6666666666667,1323.343802875,11.782863667944552,1566.0609526527778,9245.067781171689,,,,,,,,9245.067781171689,meter,80594458.47072153,14100301.999999998,94694760.47072153,1550.39065573073,True,True
2026-08-26,96,8886.131162786667,1.0,1.0,8913.4,7328.1,1.0,58983.0,19.0,15.0,1573.3333333333333,1322.9282120486112,11.519995815660657,1565.7547520555556,8887.127363170825,,,,,,,,8887.127363170825,meter,78972179.40952636,13967690.0,92939869.40952636,1575.7060408851087,True,True
2026-08-27,96,8855.989162945,1.0,1.0,8653.3,7326.4,1.0,60318.0,19.0,17.0,1573.7916666666667,1322.9957257152778,11.470782537496872,1565.2851345069446,8994.963384495552,,,,,,,,8994.963384495552,meter,79659298.25417967,13742541.999999998,93401840.25417967,1548.490338774158,True,True
2026-08-28,96,8820.879133275,1.0,1.0,9323.5,7324.8,1.0,60078.0,19.0,17.0,1573.9583333333333,1322.3443533194445,11.394129547565328,1565.7340551388888,8993.677092912927,,,,,,,,8993.677092912927,meter,79332138.600289,14317538.0,93649676.600289,1558.8015013863478,True,True
2026-08-29,96,8698.824332985,1.0,1.0,9359.2,7324.5,1.0,60060.0,19.0,17.0,1573.625,1322.1930271666668,11.659264226566586,1565.8759408888889,9172.316035660928,,,,,,,,9172.316035660928,meter,79788365.92083578,14347982.0,94136347.92083578,1567.371760253676,True,True
2026-08-30,96,8681.677579025,1.0,1.0,9349.1,7326.6,1.0,57561.0,19.0,20.0,1573.9166666666667,1322.835780375,11.608872898897644,1565.1039396111112,9107.169109656004,,,,,,,,9107.169109656004,meter,79065505.8676896,14341102.0,93406607.8676896,1622.7412287432392,True,True
2026-08-31,96,8765.863863903332,1.0,1.0,8352.8,7327.7,1.0,55905.0,19.0,16.0,1573.75,1322.9418318125001,11.719999727324785,1564.7866959652777,9073.877199400462,,,,,,,,9073.877199400462,meter,79540372.24772088,13485230.0,93025602.24772088,1663.9943162100149,True,True
2026-09-01,96,8761.119256816666,1.0,1.0,7109.4,7329.1,1.0,,18.0,15.0,1574.5833333333333,1323.2021345972223,11.674721616565051,1566.0923439097223,9190.089523354793,,,,,,,,9190.089523354793,meter,80515470.29493277,12417110.0,92932580.29493277,,False,True
2026-09-02,96,8808.250766106667,1.0,1.0,5701.2,7329.2,1.0,,18.0,14.0,1575.4,1323.1734438680555,11.60175871541235,1566.1745030763889,9191.199065119254,,,,,,,,9191.199065119254,meter,80958386.20677555,11206144.0,92164530.20677555,,False,True
2026-09-03,96,8584.457438691667,1.0,1.0,7542.3,7328.8,1.0,,18.0,12.0,1575.5416666666667,1320.189060875,11.684604832192003,1566.9116405555558,9274.096457175849,,,,,,,,9274.096457175849,meter,79613086.31894724,12789146.0,92402232.31894724,,False,True
2026-09-04,96,8425.963025303334,1.0,1.0,8405.6,7327.6,1.0,,18.0,13.0,1574.7916666666667,1319.0623822708333,11.778913294122809,1565.724192375,9366.515093404636,,,,,,,,9366.515093404636,meter,78921909.85297306,13530552.0,92452461.85297306,,False,True
2026-09-05,96,8670.431222771667,1.0,1.0,9438.5,7328.5,1.0,,18.0,21.0,1575.6,1319.4008033541666,11.492060109662296,1565.598906,9058.498478427997,,,,,,,,9058.498478427997,meter,78541088.03879175,14419620.0,92960708.03879175,,False,True
2026-09-06,96,8619.997786906666,1.0,1.0,8935.7,7327.8,1.0,,18.0,25.0,1574.5416666666667,1319.7715284375001,11.619422948552087,1566.2904841666666,9140.600205698796,,,,,,,,9140.600205698796,meter,78791953.54412223,13986610.0,92778563.54412223,,False,True
2026-09-07,96,8588.89447425,1.0,1.0,9772.3,7236.6,1.0,,18.0,20.0,1575.0,1319.7353486319446,11.741865261397612,1565.7288100208334,9068.88845661958,,,,,,,,9068.88845661958,meter,77891725.95264952,14627654.000000002,92519379.95264952,,False,True
2026-09-08,96,8670.538794573333,1.0,1.0,10715.1,7328.2,1.0,,18.0,12.0,1573.625,1319.9560579791666,11.7777127123393,1566.5412687013888,9096.519367072748,,,,,,,,9096.519367072748,meter,78871724.06779192,15517238.0,94388962.06779192,,False,True
2026-09-09,96,8430.32695595,1.0,0.7291666666666666,9797.3,7328.900000000001,1.0,,18.0,12.0,1574.4,1319.751737361111,11.963759648559202,1566.5020264166667,9426.08483277357,,,,,,,,9426.08483277357,meter,79464977.05480248,14728532.0,94193509.05480248,,False,False
2026-09-10,96,8487.766917628333,1.0,1.0,9875.6,7327.4,1.0,,18.0,18.0,,1319.8010385347222,11.91771286371665,1567.009218763889,9278.269852150428,,,,,,,,9278.269852150428,meter,78751791.90391073,14794580.0,93546371.90391073,,False,True
2026-09-11,96,8480.183841593333,1.0,1.0,10664.1,7327.8,1.0,,18.0,14.0,,1319.448174798611,11.690694766419712,1566.0555377708333,9181.4867904275,,,,,,,,9181.4867904275,meter,77860695.92198591,15473034.000000002,93333729.92198591,,False,True
2026-09-12,96,8511.00601605369,1.0,1.0,11338.3,7104.98,1.0,,18.0,26.0,,1319.208542391369,11.827139822467919,1566.2169384620536,9223.142610947387,,,,,,,,9223.142610947387,meter,78498222.24869435,15861220.799999999,94359443.04869434,,False,True
2026-09-13,96,8558.157992845,1.0,0.9166666666666666,10144.8,7330.6,1.0,,18.0,17.0,,1320.8279950208332,11.968737078214218,1566.0710233680556,9442.313672453174,,,,,,,,9442.313672453174,meter,80808812.22685476,15028844.000000002,95837656.22685476,,False,True
2026-09-14,96,8777.929456768334,1.0,1.0,9452.5,7331.8,1.0,,18.0,19.0,,1321.9739833402778,11.73055346752816,1565.220963,9219.739535038894,,,,,,,,9219.739535038894,meter,80930223.24834949,14434498.0,95364721.24834949,,False,True
2026-09-15,96,8724.453439551666,1.0,1.0,8967.5,7333.4,1.0,,18.0,10.0,,1321.5345112500002,11.633640353580484,1565.8919122916666,9133.258916213139,,,,,,,,9133.258916213139,meter,79682692.16587164,14018774.0,93701466.16587164,,False,True
2026-09-16,96,8740.800229194667,1.0,1.0,8554.6,7333.1,1.0,,18.0,12.0,,1320.4458825069444,11.629619341734177,1565.6944006249998,9074.778402377402,,,,,,,,9074.778402377402,meter,79320825.13939121,13663422.0,92984247.13939121,,False,True
2026-09-17,96,8931.985492826667,1.0,1.0,8043.8,7329.1,1.0,,18.0,14.0,,1320.5955452638889,11.482646117840412,1566.6953749444444,8949.532760772656,,,,,,,,8949.532760772656,meter,79937096.78679834,13220694.000000002,93157790.78679834,,False,True
2026-09-18,96,8696.05912206248,1.0,1.0,8397.2,7276.8,1.0,,18.0,19.0,,1320.5313057060187,11.956304142797968,1566.6718768993944,9299.076721011535,,,,,,,,9299.076721011535,meter,80865320.94651121,13479640.0,94344960.94651121,,False,True
2026-09-19,96,8800.783529533333,1.0,1.0,8980.0,7329.7,1.0,,18.0,19.0,,1320.2194735347223,11.54562815609818,1566.3275706736113,9097.131918062229,,,,,,,,9097.131918062229,meter,80061888.75047405,14026342.0,94088230.75047405,,False,True
2026-09-20,96,8828.219451658333,1.0,1.0,8797.8,7330.2,1.0,,18.0,14.0,,1320.731880277778,11.70074283265249,1566.0467169652777,9004.154631067084,,,,,,,,9004.154631067084,meter,79490653.0597259,13870080.0,93360733.0597259,,False,True
2026-09-21,96,8649.946696991667,1.0,1.0,7260.599999999999,7328.9,1.0,,18.0,14.0,,1319.9402279652777,11.781582079407976,1564.830101076389,9125.956220657921,,,,,,,,9125.956220657921,meter,78939034.86777054,12546970.0,91486004.86777054,,False,True
2026-09-22,96,8547.107534796667,1.0,1.0,6489.3,7329.0,1.0,,18.0,9.0,,1316.5891505902778,11.773385944945892,1562.7788424166667,9154.020841960344,,,,,,,,9154.020841960344,meter,78240400.51200499,11883738.0,90124138.51200499,,False,True
2026-09-23,96,8613.948427593334,1.0,1.0,6885.3,6169.9,1.0,,18.0,11.0,,1317.100302986111,11.572226240361802,1564.3675683194444,9011.081260205281,,,,,,,,9011.081260205281,meter,77620989.25226104,11227472.0,88848461.25226104,,False,True
2026-09-24,96,8587.06419615,1.0,1.0,6068.24,5026.13,1.0,,18.0,24.0,,1317.4723440416667,11.520485691412716,1562.7014742708334,8911.685619188122,,,,,,,,8911.685619188122,meter,76525216.50787516,9541158.2,86066374.70787516,,False,True
2026-09-25,96,8410.565143521666,1.0,1.0,6521.0,5120.6,1.0,,18.0,15.0,,1316.9786160625001,11.716491524582144,1563.5535508472221,9236.110375079727,,,,,,,,9236.110375079727,meter,77680907.98236437,10011776.0,87692683.98236437,,False,True
2026-09-26,96,8451.757630921667,1.0,1.0,6903.6,5113.8,1.0,,18.0,15.0,,1317.173643861111,11.5072013451842,1563.1428282916668,9154.908451675927,,,,,,,,9154.908451675927,meter,77375067.36684129,10334964.000000002,87710031.36684129,,False,True
2026-09-27,96,8455.80707564,1.0,1.0,6680.4,5120.2,1.0,,18.0,12.0,,1316.4528867291667,11.641004063195986,1563.1534518263888,9232.897210806328,,,,,,,,9232.897210806328,meter,78071597.56379296,10148515.999999998,88220113.56379296,,False,True
2026-09-28,96,8359.792407513332,1.0,1.0,8369.1,6216.0,1.0,,18.0,13.0,,1318.883688513889,11.615016573355353,1563.7015488125,9091.836014220851,,,,,,,,9091.836014220851,meter,76005861.68203975,12543186.0,88549047.68203975,,False,True
2026-09-29,96,8625.564403548333,1.0,1.0,9204.3,7347.6,1.0,,18.0,12.0,,1319.638600701389,11.664788728453408,1563.8300986736112,9036.427824629087,,,,,,,,9036.427824629087,meter,77944290.17935435,14234634.000000002,92178924.17935435,,False,True
2026-09-30,96,8493.366651921666,1.0,1.0,,,0.0,,18.0,11.0,,1320.3524751319444,11.67897606528593,1564.4846581250001,9078.46183239098,,,,,,,,9078.46183239098,meter,77106704.97797321,,,,False,True
